songId,songTitle,dxdata,divingFish,maichart,sheetCount
8,True Love Song,✓,✓,✓,4
9,Color My World,✓,✓,✓,4
10,LOVE ＆ JOY,✓,✗,✓,4
11,じょいふる,✓,✗,✓,4
15,Everyday、カチューシャ,✓,✗,✓,4
17,Future,✓,✓,✓,5
18,Love You,✓,✓,✓,4
20,恋愛サーキュレーション,✓,✗,✓,4
21,コネクト,✓,✗,✓,9
22,In Chaos,✓,✓,✓,5
23,Crush On You,✓,✓,✓,5
24,Sun Dance,✓,✓,✓,5
25,Sweets×Sweets,✓,✓,✓,4
27,Love or Lies,✓,✓,✓,4
29,VICTORY,✓,✗,✓,4
30,ネコ日和。,✓,✓,✓,4
31,虹と太陽,✓,✓,✓,4
34,Garden,✓,✗,✓,4
35,炭★坑★節,✓,✓,✓,4
38,NIGHT OF FIRE,✓,✓,✓,4
40,come again,✓,✓,✓,4
41,Chu Chu,✓,✗,✓,4
42,jelly,✓,✓,✓,4
43,愛を止めないで,✓,✗,✓,4
44,ハッピーシンセサイザ,✓,✓,✓,4
45,Choo Choo TRAIN,✓,✗,✓,4
46,ルカルカ★ナイトフィーバー,✓,✓,✓,4
47,源平大戦絵巻テーマソング,✓,✓,✓,5
49,アイデンティティ,✓,✗,✓,4
53,美しく燃える森,✓,✓,✓,4
54,ヘビーローテーション,✓,✗,✓,4
55,CAN'T GET BACK,✓,✗,✓,4
56,ウッーウッーウマウマ(ﾟ∀ﾟ),✓,✓,✓,4
58,Endless World,✓,✓,✓,5
59,PON PON PON,✓,✗,✓,4
60,New World,✓,✗,✓,4
61,Beat Of Mind,✓,✓,✓,5
62,檄！帝国華撃団(改),✓,✓,✓,5
63,メランコリック,✓,✓,✓,4
64,教えて!! 魔法のLyric,✓,✓,✓,4
65,ZIGG-ZAGG,✓,✓,✓,5
66,ワールズエンド・ダンスホール,✓,✓,✓,5
67,パンダヒーロー,✓,✓,✓,4
68,オレンジの夏,✓,✓,✓,4
69,BaBan!! －甘い罠－,✓,✓,✓,4
70,ジングルベル,✓,✓,✓,5
71,マトリョシカ,✓,✓,✓,5
73,メグメグ☆ファイアーエンドレスナイト,✓,✓,✓,4
75,天国と地獄,✓,✓,✓,4
76,きみのためなら死ねる,✓,✓,✓,4
77,怪盗Rのテーマ,✓,✓,✓,4
78,マリアをはげませ,✓,✓,✓,4
79,SHOW TIME,✓,✓,✓,4
80,City Escape: Act1,✓,✓,✓,5
81,Rooftop Run: Act1,✓,✓,✓,5
82,Reach For The Stars,✓,✓,✓,4
83,Urban Crusher [Remix],✓,✓,✓,4
84,Catch The Future,✓,✓,✓,4
85,JACKY [Remix],✓,✓,✓,5
100,Tell Your World,✓,✓,✓,5
101,おちゃめ機能,✓,✓,✓,4
102,ダンシング☆サムライ,✓,✓,✓,4
106,BAD∞END∞NIGHT,✓,✓,✓,4
107,ロミオとシンデレラ,✓,✓,✓,5
108,Sweetiex2,✓,✓,✓,4
109,腐れ外道とチョコレゐト,✓,✓,✓,4
110,Quartet Theme [Reborn],✓,✓,✓,4
111,Sky High [Reborn],✓,✓,✓,5
112,Like the Wind [Reborn],✓,✓,✓,4
113,YA･DA･YO [Reborn],✓,✓,✓,4
114,Space Harrier Main Theme [Reborn],✓,✓,✓,4
115,DADDY MULK -Groove remix-,✓,✓,✓,5
116,ぴぴぱぷぅ！,✓,✓,✓,4
117,炎歌 -ほむらうた-,✓,✓,✓,4
118,犬日和。,✓,✓,✓,4
119,ソーラン☆節,✓,✓,✓,4
120,デコボコ体操第二,✓,✓,✓,4
121,スイートマジック,✓,✓,✓,4
122,ゴーゴー幽霊船,✓,✓,✓,4
125,千本桜,✓,✗,✓,4
126,つけまつける,✓,✗,✓,4
127,Get Off of My Way,✓,✗,✓,4
128,御旗のもとに,✓,✓,✓,4
130,FEEL ALIVE,✓,✓,✓,4
131,Link,✓,✓,✓,1
132,Turn around,✓,✓,✓,4
133,We Gonna Party,✓,✓,✓,5
134,Night Fly,✓,✓,✓,5
135,Feel My Fire,✓,✓,✓,4
136,Streak,✓,✓,✓,4
137,Spin me harder,✓,✓,✓,4
138,Lionheart,✓,✓,✓,4
139,Acceleration,✓,✓,✓,4
140,Sprintrances,✓,✓,✓,4
141,Nerverakes,✓,✓,✓,4
142,Black Out,✓,✓,✓,4
143,Fragrance,✓,✓,✓,5
144,air's gravity,✓,✓,✓,5
145,Starlight Disco,✓,✓,✓,5
146,39,✓,✓,✓,5
147,地上の戦士,✓,✓,✓,4
148,サブリナ,✓,✗,✓,4
149,SPELL MAGIC,✓,✗,✓,4
152,超絶！Superlative,✓,✓,✓,4
153,采配の刻 Power of order,✓,✓,✓,4
154,DO RORO DERODERO ON DO RORO,✓,✓,✓,4
155,泣き虫O'clock,✓,✓,✓,5
157,Natural Flow,✓,✓,✓,4
159,maimaiちゃんのテーマ,✓,✓,✓,4
161,CANDY CANDY,✓,✗,✓,4
164,READY STEADY GO,✓,✗,✓,4
165,リライト,✓,✗,✓,4
166,カルマ,✓,✗,✓,4
167,GO!!!,✓,✗,✓,4
168,LOVEドッきゅん♥,✓,✗,✓,4
169,galaxias!,✓,✗,✓,4
172,女々しくて,✓,✗,✓,4
173,サラバ、愛しき悲しみたちよ,✓,✗,✓,4
174,創聖のアクエリオン,✓,✗,✓,4
176,Butter-Fly,✓,✗,✓,4
181,君の知らない物語,✓,✗,✓,4
182,残酷な天使のテーゼ,✓,✗,✓,4
184,I ♥,✓,✓,✓,4
185,＊ハロー、プラネット。,✓,✓,✓,4
186,イアイア★ナイトオブデザイア,✓,✓,✓,4
187,ローリンガール,✓,✓,✓,4
188,天ノ弱,✓,✓,✓,4
189,弱虫モンブラン,✓,✓,✓,4
190,モザイクロール,✓,✓,✓,4
191,脳漿炸裂ガール,✓,✓,✓,4
192,SPiCa,✓,✗,✓,4
193,セツナトリップ,✓,✓,✓,4
194,放課後ストライド,✓,✓,✓,4
198,カゲロウデイズ,✓,✓,✓,5
199,チルノのパーフェクトさんすう教室,✓,✓,✓,4
200,Bad Apple!! feat.nomico,✓,✓,✓,5
201,魔理沙は大変なものを盗んでいきました,✓,✓,✓,4
202,Grip & Break down !!,✓,✓,✓,4
203,"Help me, ERINNNNNN!!（Band ver.）",✓,✓,✓,4
204,ナイト・オブ・ナイツ,✓,✓,✓,5
205,全人類ノ非想天則,✓,✓,✓,4
206,しゅわスパ大作戦☆,✓,✓,✓,4
207,時空を超えて久しぶり！,✓,✓,✓,4
208,Her Dream Is To Be A Fantastic Sorceress,✓,✓,✓,4
209,ココロスキャンのうた,✓,✓,✓,4
212,神室雪月花,✓,✓,✓,4
213,KONNANじゃないっ！,✓,✓,✓,4
214,awake,✓,✓,✓,4
216,Mysterious Destiny,✓,✓,✓,4
217,Riders Of The Light,✓,✓,✓,4
218,Terminal Storm,✓,✓,✓,4
219,記憶、記録,✓,✓,✓,5
220,セガサターン起動音[H.][Remix],✓,✓,✓,4
223,夜咄ディセイブ,✓,✓,✓,4
224,ウサテイ,✓,✓,✓,4
225,sweet little sister,✓,✓,✓,4
226,Blew Moon,✓,✓,✓,5
227,Garakuta Doll Play,✓,✓,✓,5
228,Dreampainter,✓,✓,✓,4
229,ぐるぐるWASH！コインランドリー・ディスコ,✓,✓,✓,4
230,CYCLES,✓,✓,✓,4
231,Heartbeats,✓,✓,✓,4
232,Life Feels Good,✓,✓,✓,4
233,MYTHOS,✓,✓,✓,4
234,End of Twilight,✓,✓,✓,4
235,火炎地獄,✓,✓,✓,4
236,ユビキリ,✓,✓,✓,4
237,Pixel Voyage,✓,✓,✓,4
238,Get Happy,✓,✓,✓,4
239,System “Z”,✓,✓,✓,5
240,Beat of getting entangled,✓,✓,✓,5
241,Cosmic Train,✓,✓,✓,4
242,ナミダと流星,✓,✓,✓,4
244,おても☆Yan,✓,✓,✓,4
246,maiム・maiム feat.週刊少年マガジン,✓,✓,✓,4
247,Danza zandA,✓,✓,✓,5
248,Backyun! －悪い女－,✓,✓,✓,5
251,Monochrome Rainbow,✓,✓,✓,4
252,みんなのマイマイマー,✓,✓,✓,5
253,円舞曲、君に,✓,✓,✓,4
254,Live & Learn,✓,✓,✓,4
255,Burning Hearts ～炎のANGEL～,✓,✓,✓,5
256,いーあるふぁんくらぶ,✓,✓,✓,5
258,Nyan Cat EX,✓,✓,✓,4
259,ぽっぴっぽー,✓,✓,✓,4
260,LUCIA,✓,✓,✓,5
261,Death Scythe,✓,✓,✓,5
262,BREAK YOU!!,✓,✓,✓,4
263,JUMPIN' JUMPIN',✓,✓,✓,4
264,L'épilogue,✓,✓,✓,4
265,Save This World νMIX,✓,✓,✓,5
266,Living Universe,✓,✓,✓,5
267,Ignite Infinity,✓,✓,✓,4
268,トルコ行進曲 - オワタ＼(^o^)／,✓,✓,✓,4
269,裏表ラバーズ,✓,✓,✓,4
270,Outlaw's Lullaby,✓,✓,✓,4
271,Brand-new Japanesque,✓,✓,✓,4
274,RPG,✓,✗,✓,4
277,Tachyon,✓,✗,✓,4
278,レッツゴー!陰陽師,✓,✓,✓,4
280,炉心融解,✓,✗,✓,4
281,ダブルラリアット,✓,✓,✓,4
282,からくりピエロ,✓,✓,✓,5
283,ネトゲ廃人シュプレヒコール,✓,✓,✓,4
284,むかしむかしのきょうのぼく,✓,✗,✓,4
285,magician's operation,✓,✓,✓,4
288,六兆年と一夜物語,✓,✓,✓,4
289,みくみくにしてあげる♪【してやんよ】,✓,✓,✓,4
290,リリリリ★バーニングナイト,✓,✓,✓,4
291,ハロ／ハワユ,✓,✓,✓,4
293,Our Fighting,✓,✗,✓,4
295,緋色のDance,✓,✓,✓,5
296,明星ロケット,✓,✓,✓,5
297,The Great Journey,✓,✓,✓,4
298,お嫁にしなさいっ！,✓,✓,✓,4
299,ロストワンの号哭,✓,✓,✓,5
300,Sweet Devil,✓,✗,✓,4
301,患部で止まってすぐ溶ける～狂気の優曇華院,✓,✓,✓,5
302,ケロ⑨destiny,✓,✓,✓,4
303,"Endless, Sleepless Night",✓,✓,✓,4
305,POP STAR,✓,✓,✓,4
308,Back 2 Back,✓,✓,✓,4
309,神々の祈り,✓,✓,✓,4
310,エピクロスの虹はもう見えない,✓,✓,✓,5
311,シアワセうさぎ,✓,✓,✓,4
312,ってゐ！ ～えいえんてゐVer～,✓,✓,✓,5
313,待チ人ハ来ズ。,✓,✓,✓,4
314,Cosmic Magic Shooter,✓,✓,✓,4
315,深海少女,✓,✓,✓,4
316,M.S.S.Planet,✓,✓,✓,4
318,東方スイーツ！～鬼畜姉妹と受難メイド～,✓,✓,✓,4
319,幻想のサテライト,✓,✓,✓,4
320,最速最高シャッターガール,✓,✓,✓,4
321,バラライカ,✓,✓,✓,4
322,林檎華憐歌,✓,✓,✓,4
323,YATTA!,✓,✓,✓,4
324,Jack-the-Ripper◆,✓,✓,✓,4
325,Windy Hill -Zone 1,✓,✓,✓,4
326,コトバ・カラフル,✓,✓,✓,4
327,タカハせ！名人マン,✓,✓,✓,4
328,言ノ葉カルマ,✓,✓,✓,5
329,かせげ！ジャリンコヒーロー,✓,✓,✓,4
330,キズナの物語,✓,✓,✓,4
331,Heart Beats,✓,✓,✓,4
332,アゲアゲアゲイン,✓,✗,✓,4
333,GO MY WAY!!,✓,✗,✓,4
334,THE IDOLM@STER 2nd-mix,✓,✗,✓,4
335,The world is all one !!,✓,✗,✓,4
336,紅蓮の弓矢,✓,✗,✓,4
337,鼓動,✓,✓,✓,4
338,リクライム,✓,✗,✓,4
339,DRAGONLADY,✓,✓,✓,4
340,恋のヒメヒメぺったんこ,✓,✗,✓,4
341,二息歩行,✓,✓,✓,4
342,ファンタジーゾーン OPA-OPA! -GMT remix-,✓,✓,✓,4
343,電車で電車でGO!GO!GO!GC! -GMT remix-,✓,✓,✓,4
344,RIDGE RACER STEPS -GMT remix-,✓,✓,✓,4
345,リッジでリッジでGO!GO!GO! -GMT mashup-,✓,✓,✓,4
346,オパ! オパ! RACER -GMT mashup-,✓,✓,✓,4
347,電車で電車でOPA!OPA!OPA! -GMT mashup-,✓,✓,✓,4
348,Axeria,✓,✓,✓,4
349,ピーマンたべたら,✓,✓,✓,4
351,MIRROR of MAGIC,✓,✓,✓,4
352,究極焼肉レストラン！お燐の地獄亭！,✓,✓,✓,4
353,shake it!,✓,✓,✓,4
356,1/3の純情な感情,✓,✗,✓,4
357,みかんのうた,✓,✗,✓,4
358,毒占欲,✓,✗,✓,4
359,YU-MU,✓,✓,✓,4
360,物凄い勢いでけーねが物凄いうた,✓,✓,✓,4
362,BETTER CHOICE,✓,✓,✓,4
363,Oshama Scramble!,✓,✓,✓,4
364,D✪N’T  ST✪P  R✪CKIN’,✓,✓,✓,5
365,ガラテアの螺旋,✓,✓,✓,5
366,oboro,✓,✓,✓,4
367,Dragoon,✓,✓,✓,5
368,シリウス,✓,✗,✓,4
369,ほとんど違法行為,✓,✗,✓,4
370,naraku within,✓,✗,✓,4
371,Stand Up!!!!,✓,✗,✓,4
372,ファミリーパーティー,✓,✗,✓,4
374,アンハッピーリフレイン,✓,✓,✓,4
375,One Step Ahead,✓,✓,✓,4
376,L9,✓,✓,✓,4
377,おいでよ！妖精の森,✓,✗,✓,4
378,planet dancer,✓,✓,✓,5
379,Caliburne ～Story of the Legendary sword～,✓,✓,✓,4
380,どうしてこうなった,✓,✓,✓,4
381,B.B.K.K.B.K.K.,✓,✓,✓,4
382,おこちゃま戦争,✓,✓,✓,4
383,Link,✓,✓,✓,4
384,VERTeX,✓,✓,✓,4
385,Ignis Danse,✓,✓,✓,4
386,Scars of FAUNA,✓,✓,✓,4
387,FUJIN Rumble,✓,✓,✓,4
388,きたさいたま2000,✓,✓,✓,4
389,FLOWER,✓,✓,✓,5
390,Got more raves？,✓,✓,✓,4
397,Can Do,✓,✗,✓,4
398,The Other self,✓,✗,✓,4
399,不毛！,✓,✓,✓,4
400,デッドレッドガールズ,✓,✓,✓,4
401,赤心性：カマトト荒療治,✓,✓,✓,4
402,ニブンノイチ,✓,✗,✓,4
403,悪戯,✓,✓,✓,4
404,響縁,✓,✓,✓,4
405,カノン,✓,✗,✓,4
406,オルフェ,✓,✗,✓,4
407,LOL -lots of laugh-,✓,✗,✓,4
408,クローバー♣クラブ,✓,✗,✓,4
409,妄想税,✓,✗,✓,4
410,どういうことなの！？,✓,✗,✓,4
411,初音ミクの消失,✓,✓,✓,4
412,イノコリ先生,✓,✓,✓,4
413,キャプテン・ムラサのケツアンカー,✓,✓,✓,4
414,若い力 -SEGA HARD GIRLS MIX-,✓,✓,✓,5
416,ココロオドル,✓,✗,✓,4
417,ウミユリ海底譚,✓,✓,✓,4
418,welcome to maimai!! with マイマイマー,✓,✓,✓,4
419,ストリーミングハート,✓,✓,✓,4
420,Change Our MIRAI！,✓,✓,✓,4
421,Aiolos,✓,✓,✓,4
422,LANCE,✓,✓,✓,4
423,SAVIOR OF SONG,✓,✗,✓,4
424,橙の幻想郷音頭,✓,✓,✓,4
425,東方妖々夢 ～the maximum moving about～,✓,✓,✓,4
426,蒼空に舞え、墨染の桜,✓,✓,✓,4
427,少女幻葬戦慄曲 ～ Necro Fantasia,✓,✓,✓,4
429,Wonderland Wars オープニング,✗,✗,✓,0
431,Contrapasso -paradiso-,✓,✓,✓,4
432,幸せになれる隠しコマンドがあるらしい,✓,✓,✓,4
434,フラグメンツ -T.V. maimai edit-,✓,✓,✓,4
435,願いを呼ぶ季節,✓,✓,✓,4
436,おじゃま虫,✓,✗,✓,4
437,Yet Another ”drizzly rain”,✓,✓,✓,4
438,四次元跳躍機関,✓,✓,✓,4
439,最終鬼畜妹・一部声,✓,✓,✓,4
440,はじめまして地球人さん,✓,✗,✓,4
446,GEMINI -M-,✓,✓,✓,4
447,+♂,✓,✓,✓,4
448,ありふれたせかいせいふく,✓,✓,✓,4
449,すろぉもぉしょん,✓,✗,✓,4
450,絵の上手かった友達,✓,✗,✓,4
451,頓珍漢の宴,✓,✓,✓,4
453,Garden Of The Dragon,✓,✓,✓,4
454,After Burner,✓,✓,✓,4
455,Counselor,✓,✓,✓,4
456,Glorious Crown,✓,✓,✓,4
457,言ノ葉遊戯,✓,✓,✓,4
458,りばーぶ,✓,✓,✓,4
459,幾四音-Ixion-,✓,✓,✓,4
460,閃鋼のブリューナク,✓,✓,✓,4
461,無敵We are one!!,✓,✓,✓,4
462,7thSense,✓,✓,✓,4
463,FEEL the BEATS,✓,✓,✓,5
464,Revive The Rave,✓,✓,✓,5
465,スリップフリップ,✓,✓,✓,4
466,Jimang Shot,✓,✓,✓,4
467,儚きもの人間,✓,✓,✓,4
468,ラブリー☆えんじぇる!!,✓,✓,✓,4
469,ひみつをちょーだい,✓,✗,✓,4
470,Touch Tap Baby,✓,✗,✓,4
471,オモイヨシノ,✓,✓,✓,4
472,アージェントシンメトリー,✓,✓,✓,5
473,ゲラゲラポーのうた,✓,✗,✓,4
474,秘密の扉から会いにきて,✓,✗,✓,4
475,かくしん的☆めたまるふぉ～ぜっ！,✓,✗,✓,9
476,極上スマイル,✓,✗,✓,4
477,厨病激発ボーイ,✓,✗,✓,4
479,Dragon Night,✓,✗,✓,4
480,HIMITSUスパーク,✓,✓,✓,4
481,でんでんぱっしょん,✓,✗,✓,4
482,Party 4U ”holy nite mix”,✓,✓,✓,4
483,囲い無き世は一期の月影,✓,✓,✓,4
484,Luminize,✓,✗,✓,4
485,Falling Roses,✓,✗,✓,4
486,青春はNon-Stop！,✓,✗,✓,4
487,ようかい体操第一,✓,✗,✓,4
488,Lividi,✓,✓,✓,4
490,Infantoon Fantasy,✓,✓,✓,4
491,ヘタリアン☆ジェット,✓,✗,✓,4
492,Jumble Rumble,✓,✓,✓,4
493,Imitation:Loud Lounge,✓,✓,✓,4
494,CITRUS MONSTER,✓,✓,✓,4
495,Hyper Active,✓,✓,✓,4
496,AMAZING MIGHTYYYY!!!!,✓,✓,✓,5
497,fake!fake!,✓,✓,✓,4
498,夏にキスしていいですか？,✓,✗,✓,4
499,夏祭り,✓,✗,✓,4
500,シュガーソングとビターステップ,✓,✗,✓,8
501,Daydream café,✓,✗,✓,8
502,Scatman (Ski Ba Bop Ba Dop Bop),✓,✗,✓,4
503,イチズレシピ,✓,✗,✓,4
504,ふ・れ・ん・ど・し・た・い,✓,✗,✓,5
505,ちょちょちょ！ゆるゆり☆かぷりっちょ！！！,✓,✗,✓,4
506,セハガガガンバッちゃう！！,✓,✓,✓,4
507,キミノヨゾラ哨戒班,✓,✓,✓,4
508,恋愛裁判,✓,✓,✓,4
509,Just Be Friends,✓,✗,✓,4
510,ヒビカセ,✓,✗,✓,4
511,パーフェクト生命,✓,✓,✓,4
512,StargazeR,✓,✓,✓,4
513,だんだん早くなる,✓,✓,✓,5
514,ヘルシーエンド,✓,✓,✓,4
515,クノイチでも恋がしたい,✓,✗,✓,4
516,ココロ,✓,✗,✓,4
517,東京リアルワールド,✓,✓,✓,4
518,やめろ！聴くな！,✓,✓,✓,4
519,ゆっくりしていってね！！！,✓,✗,✓,4
520,木彫り鯰と右肩ゾンビ,✓,✓,✓,4
521,ECHO,✓,✓,✓,4
522,Mr. Wonderland,✓,✗,✓,4
523,しんでしまうとはなさけない！,✓,✗,✓,4
524,Hand in Hand,✓,✓,✓,4
525,ブリキノダンス,✓,✗,✓,5
526,brilliant better,✓,✓,✓,4
527,ハート・ビート,✓,✓,✓,4
528,Invitation,✓,✓,✓,4
529,connecting with you,✓,✓,✓,4
530,高気圧ねこロック,✓,✓,✓,4
531,Prophesy One,✓,✓,✓,4
532,洗脳,✓,✓,✓,5
533,Barbed Eye,✓,✓,✓,4
534,Nitrous Fury,✓,✓,✓,4
535,色は匂へど散りぬるを,✓,✓,✓,4
536,月に叢雲華に風,✓,✓,✓,4
537,No Routine,✓,✓,✓,4
538,ひれ伏せ愚民どもっ！,✓,✓,✓,4
539,エテルニタス・ルドロジー,✓,✓,✓,4
540,泡沫、哀のまほろば,✓,✓,✓,4
541,華鳥風月,✓,✓,✓,4
542,METATRON,✓,✓,✓,4
543,終わりなき物語,✓,✓,✓,4
544,ゆりゆららららゆるゆり大事件,✓,✗,✓,4
546,フォルテシモBELL,✓,✓,✓,4
547,私の中の幻想的世界観及びその顕現を想起させたある現実での出来事に関する一考察,✓,✓,✓,4
548,DETARAME ROCK&ROLL THEORY,✓,✓,✓,4
550,PERFECT HUMAN,✓,✗,✓,4
551,ファッとして桃源郷,✓,✗,✓,4
552,ゴーストルール,✓,✓,✓,4
553,チュルリラ・チュルリラ・ダッダッダ！,✓,✓,✓,4
555,GOODMEN,✓,✓,✓,4
556,夜明けまであと３秒,✓,✓,✓,4
557,Last Brave ～ Go to zero,✓,✓,✓,4
558,STAIRWAY TO GENERATION,✓,✓,✓,4
559,空威張りビヘイビア,✓,✓,✓,4
560,回レ！雪月花,✓,✗,✓,4
561,いっしそう電☆舞舞神拳！,✓,✓,✓,4
562,いぇす！ゆゆゆ☆ゆるゆり♪♪,✓,✗,✓,4
564,ENJOY POLIS,✓,✓,✓,4
565,生きてるおばけは生きている,✓,✓,✓,4
566,天火明命,✓,✓,✓,4
567,HERA,✓,✓,✓,4
568,分からない,✓,✓,✓,4
571,Our Wrenally,✓,✓,✓,4
572,Scream out! -maimai SONIC WASHER Edit-,✓,✓,✓,4
573,四月の雨,✓,✓,✓,4
574,Selector,✓,✓,✓,4
575,Star☆Glitter,✓,✗,✓,4
576,H-A-J-I-M-A-R-I-U-T-A-!!,✓,✗,✓,4
578,ドキドキDREAM!!!,✓,✓,✓,4
579,ポップミュージックは僕のもの,✓,✓,✓,4
580,吉原ラメント,✓,✓,✓,4
581,ねぇ、壊れタ人形ハ何処へ棄テらレるノ？,✓,✓,✓,4
582,幽闇に目醒めしは,✓,✓,✓,4
583,Starlight Vision,✓,✓,✓,4
584,Club Ibuki in Break All,✓,✓,✓,4
585,Phantasm Brigade,✓,✓,✓,4
586,永遠のメロディ,✓,✓,✓,4
587,白ゆき,✓,✓,✓,4
589,Panopticon,✓,✓,✓,5
592,Sakura Fubuki,✓,✓,✓,4
593,conflict,✓,✓,✓,4
598,すーぱーぬこになりたい,✓,✓,✓,4
599,踊れオーケストラ,✓,✓,✓,4
600,SUSHI食べたい feat.ソイソース,✓,✗,✓,4
601,きらっせ☆ウッド村ファーム,✓,✓,✓,4
602,taboo tears you up,✓,✓,✓,4
603,その群青が愛しかったようだった,✓,✓,✓,4
604,Jumping!!,✓,✗,✓,4
605,7 Girls War,✓,✗,✓,4
606,The wheel to the right,✓,✓,✓,4
609,SAKURAスキップ,✓,✗,✓,4
610,リンカーネイション,✓,✓,✓,4
611,宿題が終わらないっ！,✓,✓,✓,4
612,GO BACK 2 YOUR RAVE,✓,✓,✓,4
613,天国と地獄 -言ノ葉リンネ-,✓,✓,✓,4
614,夢花火,✓,✓,✓,4
615,Paradisus-Paradoxum,✓,✗,✓,4
617,オトヒメモリー☆ウタゲーション,✓,✓,✓,4
618,ラブチーノ,✓,✓,✓,4
620,東京レトロ,✓,✗,✓,4
621,ARROW,✓,✓,✓,4
622,バッド・ダンス・ホール,✓,✓,✓,4
624,KISS CANDY FLAVOR,✓,✓,✓,4
625,Maxi,✓,✓,✓,4
626,相思創愛,✓,✓,✓,4
627,心象蜃気楼,✓,✓,✓,4
628,光線チューニング,✓,✓,✓,4
629,Limit Break,✓,✓,✓,5
630,曖昧mind,✓,✓,✓,4
631,KING is BACK!!,✓,✓,✓,4
632,Ultranova,✓,✓,✓,4
634,GET!! 夢&DREAM,✓,✓,✓,4
636,日本の米は世界一,✓,✓,✓,4
637,ないせんのうた,✓,✓,✓,4
639,Starlight Dance Floor,✓,✓,✓,4
640,妖精村の月誕祭 ～Lunate Elf,✓,✓,✓,4
641,Calamity Fortune,✓,✓,✓,4
642,Justified,✓,✓,✓,4
643,Excalibur ～Revived resolution～,✓,✓,✓,4
645,ホシトハナ,✓,✗,✓,4
646,名探偵連続殺人事件,✓,✗,✓,4
647,エイリアンエイリアン,✓,✓,✓,4
648,My Dearest Song,✓,✓,✓,4
649,猛進ソリストライフ！,✓,✓,✓,4
650,Let's Go Away,✓,✓,✓,4
653,Now Loading!!!!,✓,✗,✓,4
654,真・ハンサム体操でズンドコホイ,✓,✓,✓,4
655,フラジール,✓,✓,✓,4
656,未来(ソラ)の歌,✓,✗,✓,4
657,オーディエンスを沸かす程度の能力 feat.タイツォン,✓,✓,✓,4
658,人里に下ったアタイがいつの間にか社畜になっていた件,✓,✓,✓,4
659,ギリギリ最強あいまいみー！,✓,✗,✓,4
662,Sunshine world tour,✓,✗,✓,4
663,ちがう!!!,✓,✗,✓,4
664,Moon of Noon,✓,✓,✓,4
665,チルノのパーフェクトさんすう教室　⑨周年バージョン,✓,✓,✓,4
666,デスパレイト,✓,✓,✓,4
668,ようこそジャパリパークへ,✓,✗,✓,5
669,あ・え・い・う・え・お・あお!!,✓,✗,✓,4
670,ドーナツホール,✓,✓,✓,4
672,MilK,✓,✓,✓,4
673,咲キ誇レ常世ノ華,✓,✓,✓,4
674,Magical Flavor,✓,✓,✓,4
675,白い雪のプリンセスは,✓,✗,✓,4
676,好き！雪！本気マジック,✓,✗,✓,4
677,スターナイトスノウ,✓,✗,✓,4
678,This game,✓,✗,✓,4
679,Los! Los! Los!,✓,✗,✓,4
680,Candy Tall Woman,✓,✓,✓,4
681,Signature,✓,✓,✓,4
682,人生リセットボタン,✓,✓,✓,4
683,しねばいいのに,✓,✓,✓,4
684,もうみんなしねばいいのに,✓,✓,✓,4
687,共感覚おばけ,✓,✓,✓,4
688,麒麟,✓,✓,✓,4
689,Credits,✓,✓,✓,4
690,ダンスロボットダンス,✓,✓,✓,4
691,アルカリレットウセイ,✓,✓,✓,4
692,ドクハク,✓,✓,✓,4
693,キレキャリオン,✓,✓,✓,4
694,猫祭り,✓,✓,✓,4
695,TRUST,✓,✓,✓,4
696,Still,✓,✓,✓,4
697,ガヴリールドロップキック,✓,✗,✓,4
698,fantastic dreamer,✓,✗,✓,4
699,天狗の落とし文 feat. ｙｔｒ,✓,✓,✓,4
700,疾走あんさんぶる,✓,✓,✓,4
701,Doll Judgment,✓,✓,✓,4
702,WARNING×WARNING×WARNING,✓,✓,✓,4
704,SPILL OVER COLORS,✓,✓,✓,5
705,Mare Maris,✓,✓,✓,4
706,シャルル,✓,✓,✓,4
707,フリィダム ロリィタ,✓,✓,✓,4
708,バレリーコ,✓,✓,✓,4
709,アウターサイエンス,✓,✓,✓,4
710,REVIVER オルタンシア・サーガ -蒼の騎士団- オリジナルVer.,✓,✓,✓,4
711,拝啓ドッペルゲンガー,✓,✓,✓,4
712,ミラクル・ショッピング,✓,✓,✓,4
713,Kinda Way,✓,✓,✓,4
717,ラブって♡ジュエリー♪えんじぇる☆ブレイク！！,✓,✓,✓,4
718,ヤバい○○,✓,✗,✓,4
719,エンドマークに希望と涙を添えて,✓,✓,✓,4
720,ナンセンス文学,✓,✓,✓,4
721,Bang Babang Bang!!!,✓,✓,✓,4
722,Tic Tac DREAMIN’,✓,✓,✓,4
723,SPICY SWINGY STYLE,✓,✓,✓,4
725,砂の惑星 feat. HATSUNE MIKU,✓,✓,✓,4
726,アンノウン・マザーグース,✓,✓,✓,4
728,POP TEAM EPIC,✓,✗,✓,9
729,にめんせい☆ウラオモテライフ！,✓,✗,✓,5
730,うまるん体操,✓,✗,✓,5
731,妄想感傷代償連盟,✓,✓,✓,5
732,LOVE EAST,✓,✓,✓,4
733,Fist Bump,✓,✓,✓,4
734,ENERGY SYNERGY MATRIX,✓,✓,✓,4
735,Session High⤴,✓,✓,✓,4
736,World Vanquisher,✓,✓,✓,4
737,FestivaLight,✓,✓,✓,4
738,Brain Power,✓,✓,✓,4
739,進め！イッスン軍団 -Rebellion of the Dwarfs-,✓,✓,✓,4
740,ULTRA B+K,✓,✓,✓,4
741,インビジブル,✓,✓,✓,5
742,彗星ハネムーン,✓,✓,✓,4
743,アンチクロックワイズ,✓,✗,✓,5
744,全力☆Summer!,✓,✗,✓,5
745,keep hopping,✓,✓,✓,4
746,larva,✓,✓,✓,4
747,えれくとりっく・えんじぇぅ,✓,✗,✓,4
748,ミラクルペイント,✓,✗,✓,4
749,Ievan Polkka,✓,✗,✓,4
750,初音ミクの激唱,✓,✓,✓,4
751,ガチャガチャきゅ～と・ふぃぎゅ@メイト,✓,✗,✓,4
752,true my heart -Lovable mix-,✓,✓,✓,4
753,Rodeo Machine,✓,✓,✓,4
754,Arrival of Tears,✓,✗,✓,4
756,CYBER Sparks,✓,✓,✓,5
757,Xevel,✓,✓,✓,4
758,INFINITE WORLD,✓,✓,✓,4
759,サドマミホリック,✓,✓,✓,5
760,Ragnarok,✓,✓,✓,4
761,このふざけた素晴らしき世界は、僕の為にある,✓,✗,✓,4
762,このピアノでお前を8759632145回ぶん殴る,✓,✓,✓,4
763,はやくそれになりたい！,✓,✓,✓,5
764,フィクサー,✓,✓,✓,4
765,みんなの,✓,✓,✓,4
766,アマノジャクリバース feat. ｙｔｒ,✓,✓,✓,4
767,進捗どうですか？,✓,✓,✓,4
768,"Help me, あーりん！",✓,✓,✓,4
769,なるとなぎのパーフェクトロックンロール教室,✓,✓,✓,4
770,あねぺったん,✓,✓,✓,4
771,We Gonna Journey,✓,✓,✓,4
772,FREEDOM DiVE (tpz Overcute Remix),✓,✓,✓,4
773,SILENT BLUE,✓,✓,✓,4
774,甲賀忍法帖,✓,✗,✓,5
775,ジンギスカン,✓,✓,✓,4
776,にじよめちゃん体操第一億,✓,✓,✓,4
777,花と、雪と、ドラムンベース。,✓,✓,✓,5
778,Conquista Ciela,✓,✓,✓,4
779,怒槌,✓,✓,✓,4
781,Seyana. ～何でも言うことを聞いてくれるアカネチャン～,✓,✓,✓,4
782,おねがいダーリン,✓,✓,✓,4
786,My First Phone,✓,✓,✓,4
787,SHINY DAYS,✓,✗,✓,4
788,NOISY LOVE POWER☆,✓,✗,✓,5
789,ネ！コ！,✓,✓,✓,4
790,only my railgun,✓,✗,✓,5
791,ロールプレイングゲーム,✓,✓,✓,4
792,ヒバナ,✓,✓,✓,5
793,ロキ,✓,✓,✓,5
794,Money Money,✓,✓,✓,4
796,極圏,✓,✓,✓,4
797,Scarlet Lance,✓,✓,✓,4
798,セイクリッド　ルイン,✓,✓,✓,4
799,QZKago Requiem,✓,✓,✓,5
800,EVERGREEN,✓,✓,✓,4
801,金の聖夜霜雪に朽ちて,✓,✗,✓,4
802,不思議の国のクリスマス,✓,✓,✓,4
803,Schwarzschild,✓,✓,✓,5
804,Magical Sound Shower,✓,✗,✓,4
805,片想いサンバ,✓,✗,✓,4
806,ナイトメア☆パーティーナイト,✓,✓,✓,5
807,フキゲンワルツ,✓,✗,✓,4
809,結ンデ開イテ羅刹ト骸,✓,✓,✓,5
810,サウンド,✓,✗,✓,4
811,右肩の蝶,✓,✗,✓,4
812,Alea jacta est!,✓,✓,✓,5
815,L4TS:2018 (feat. あひる & KTA),✓,✓,✓,4
816,クレイジークレイジーダンサーズ,✓,✓,✓,5
817,【東方ニコカラ】秘神マターラ feat.魂音泉【IOSYS】,✓,✓,✓,4
818,隠然,✓,✓,✓,5
819,White Traveling Girl,✓,✓,✓,4
820,FFT,✓,✓,✓,5
821,-OutsideR:RequieM-,✓,✓,✓,4
822,イロトリドリのメロディ,✓,✓,✓,4
823,奏者はただ背中と提琴で語るのみ,✓,✓,✓,4
824,Deep in Abyss,✓,✗,✓,4
825,雷切-RAIKIRI-,✓,✓,✓,5
826,キミとボクのミライ,✓,✗,✓,5
827,Lost Princess,✓,✗,✓,5
828,アリサのテーマ,✓,✗,✓,4
829,敗北の少年,✓,✓,✓,4
830,立ち入り禁止,✓,✓,✓,5
831,お気に召すまま,✓,✗,✓,5
832,命ばっかり,✓,✓,✓,4
833,the EmpErroR,✓,✓,✓,5
834,PANDORA PARADOXXX,✓,✓,✓,5
835,Believe the Rainbow,✓,✓,✓,4
836,"Good Bye, Mr. Jack",✓,✓,✓,4
837,Altale,✓,✓,✓,4
838,最終鬼畜妹フランドール・S,✓,✓,✓,5
839,ネクロファンタジア～Arr.Demetori,✓,✓,✓,4
840,Imperishable Night 2006 (2016 Refine),✓,✓,✓,4
841,終点,✓,✓,✓,4
842,WORLD'S END UMBRELLA,✓,✓,✓,4
843,ワンダーラスト,✓,✗,✓,4
844,End Time,✓,✓,✓,4
847,カラフル×メロディ,✓,✗,✓,4
848,魔法少女になるしかねぇ,✓,✓,✓,4
849,Kattobi KEIKYU Rider,✓,✓,✓,4
850,B.M.S.,✓,✓,✓,4
852,TiamaT:F minor,✓,✓,✓,4
853,前前前世,✓,✓,✓,4
854,全世界共通リズム感テスト,✓,✗,✓,4
902,次の方お願いします,✗,✗,✓,0
903,カービン,✗,✗,✓,0
904,とても遠い愛,✗,✗,✓,0
906,So long,✗,✗,✓,0
907,飛行履歴,✗,✗,✓,0
1020,Technicians High,✓,✓,✓,4
1051,Destr0yer,✓,✓,✓,4
1081,サンバランド,✓,✓,✓,4
1085,Halcyon,✓,✓,✓,4
1103,渦状銀河のシンフォニエッタ,✓,✓,✓,4
1200,Paranoia,✓,✓,✓,8
1235,VIIIbit Explorer,✓,✓,✓,4
1301,華の集落、秋のお届け,✓,✓,✓,4
1327,僕は空気が嫁ない,✓,✓,✓,8
1736,プリズム△▽リズム,✓,✓,✓,8
1819,AFTER PANDORA,✓,✗,✓,4
10021,コネクト,✓,✗,✓,9
10030,ネコ日和。,✓,✓,✓,4
10044,ハッピーシンセサイザ,✓,✓,✓,4
10070,ジングルベル,✓,✓,✓,4
10077,怪盗Rのテーマ,✓,✓,✓,8
10106,BAD∞END∞NIGHT,✓,✓,✓,8
10117,炎歌 -ほむらうた-,✓,✓,✓,4
10122,ゴーゴー幽霊船,✓,✓,✓,4
10125,千本桜,✓,✗,✓,4
10128,御旗のもとに,✓,✓,✓,4
10145,Starlight Disco,✓,✓,✓,4
10146,39,✓,✓,✓,4
10181,君の知らない物語,✓,✗,✓,4
10185,＊ハロー、プラネット。,✓,✓,✓,4
10187,ローリンガール,✓,✓,✓,8
10188,天ノ弱,✓,✓,✓,4
10190,モザイクロール,✓,✓,✓,4
10191,脳漿炸裂ガール,✓,✓,✓,4
10193,セツナトリップ,✓,✓,✓,4
10199,チルノのパーフェクトさんすう教室,✗,✗,✓,0
10201,魔理沙は大変なものを盗んでいきました,✓,✓,✓,8
10202,Grip & Break down !!,✓,✓,✓,4
10204,ナイト・オブ・ナイツ,✓,✓,✓,4
10225,sweet little sister,✓,✓,✓,4
10235,火炎地獄,✓,✓,✓,4
10242,ナミダと流星,✓,✓,✓,4
10251,Monochrome Rainbow,✓,✓,✓,4
10256,いーあるふぁんくらぶ,✓,✓,✓,4
10288,六兆年と一夜物語,✓,✓,✓,4
10301,患部で止まってすぐ溶ける～狂気の優曇華院,✓,✓,✓,4
10302,ケロ⑨destiny,✓,✓,✓,4
10303,"Endless, Sleepless Night",✓,✓,✓,4
10315,深海少女,✓,✓,✓,4
10316,M.S.S.Planet,✓,✓,✓,4
10319,幻想のサテライト,✓,✓,✓,4
10363,Oshama Scramble!,✓,✓,✓,4
10366,oboro,✓,✓,✓,4
10367,Dragoon,✓,✓,✓,4
10375,One Step Ahead,✓,✓,✓,4
10404,響縁,✓,✓,✓,4
10411,初音ミクの消失,✓,✓,✓,4
10420,Change Our MIRAI！,✓,✓,✓,4
10422,LANCE,✓,✓,✓,4
10475,かくしん的☆めたまるふぉ～ぜっ！,✓,✗,✓,9
10493,Imitation:Loud Lounge,✓,✓,✓,4
10500,シュガーソングとビターステップ,✓,✗,✓,8
10501,Daydream café,✓,✗,✓,8
10535,色は匂へど散りぬるを,✓,✓,✓,4
10536,月に叢雲華に風,✓,✓,✓,4
10552,ゴーストルール,✓,✓,✓,4
10560,回レ！雪月花,✓,✗,✓,4
10572,Scream out! -maimai SONIC WASHER Edit-,✓,✓,✓,4
10574,Selector,✓,✓,✓,4
10593,conflict,✓,✓,✓,4
10602,taboo tears you up,✓,✓,✓,4
10615,Paradisus-Paradoxum,✓,✗,✓,4
10625,Maxi,✓,✓,✓,4
10641,Calamity Fortune,✓,✓,✓,4
10665,チルノのパーフェクトさんすう教室　⑨周年バージョン,✓,✓,✓,4
10668,ようこそジャパリパークへ,✓,✗,✓,4
10674,Magical Flavor,✓,✓,✓,8
10690,ダンスロボットダンス,✓,✓,✓,4
10699,天狗の落とし文 feat. ｙｔｒ,✓,✓,✓,4
10702,WARNING×WARNING×WARNING,✓,✓,✓,4
10706,シャルル,✓,✓,✓,4
10728,POP TEAM EPIC,✓,✗,✓,9
10734,ENERGY SYNERGY MATRIX,✓,✓,✓,4
10835,Believe the Rainbow,✓,✓,✓,8
11001,BLACK ROSE,✓,✓,✓,4
11002,Secret Sleuth,✓,✓,✓,5
11003,でらっくmaimai♪てんてこまい!,✓,✓,✓,4
11004,MAXRAGE,✓,✓,✓,5
11005,バーチャルダム　ネーション,✓,✓,✓,5
11006,P-qoq,✓,✓,✓,4
11007,超常マイマイン,✓,✓,✓,5
11008,Crazy Circle,✓,✓,✓,4
11009,STEREOSCAPE,✓,✓,✓,5
11010,STARTLINER,✓,✓,✓,5
11014,♡マイマイマイラブ♡,✓,✓,✓,4
11015,一か罰,✓,✓,✓,5
11016,キリキリ舞Mine,✓,✓,✓,4
11017,福宿音屋魂音泉,✓,✓,✓,4
11018,Now or Never,✓,✓,✓,5
11019,Scarlet Wings,✓,✓,✓,4
11020,Technicians High,✓,✓,✓,4
11021,魔ジョ狩リ,✓,✓,✓,4
11022,TwisteD! XD,✓,✓,✓,4
11023,Blows Up Everything,✓,✓,✓,5
11024,Agitation！,✓,✓,✓,4
11025,管弦楽組曲 第3番 ニ長調「第2曲（G線上のアリア）」BWV.1068-2,✓,✓,✓,4
11026,TEmPTaTiON,✓,✓,✓,4
11027,アポカリプスに反逆の焔を焚べろ,✓,✓,✓,4
11028,玩具狂奏曲 -終焉-,✓,✓,✓,4
11029,Titania,✓,✓,✓,4
11030,BOKUTO,✓,✓,✓,4
11031,立川浄穢捕物帳,✓,✓,✓,4
11032,CHOCOLATE BOMB!!!!,✓,✓,✓,4
11034,METEOR,✓,✓,✓,4
11035,LOSER,✓,✗,✓,4
11036,U.S.A.,✓,✗,✓,5
11037,HOT LIMIT,✓,✓,✓,4
11038,新宝島,✓,✗,✓,4
11039,UNION,✓,✗,✓,4
11041,乗ってけ！ジャパリビート,✓,✗,✓,4
11042,フレ！フレ！ベストフレンズ,✓,✗,✓,4
11043,メルト,✓,✓,✓,4
11044,メルティランドナイトメア,✓,✓,✓,4
11045,アウトサイダー,✓,✗,✓,4
11046,アディショナルメモリー,✓,✓,✓,4
11047,ジャガーノート,✓,✗,✓,4
11048,ナイト・オブ・ナイツ (Cranky Remix),✓,✓,✓,4
11049,Bad Apple!! feat.nomico (REDALiCE Remix),✓,✓,✓,4
11050,Strobe♡Girl,✓,✓,✓,4
11051,Destr0yer,✓,✓,✓,4
11052,グリーンライツ・セレナーデ,✓,✓,✓,4
11055,POPPY PAPPY DAY,✓,✗,✓,4
11056,Clattanoia,✓,✗,✓,4
11057,The Gong of Knockout,✓,✗,✓,4
11058,デンパラダイム,✓,✓,✓,4
11059,骸骨楽団とリリア,✓,✓,✓,4
11060,星屑ユートピア,✓,✓,✓,4
11061,アマツキツネ,✓,✓,✓,4
11062,徒花ネクロマンシー,✓,✗,✓,4
11063,目覚めRETURNER,✓,✗,✓,4
11064,"Little ""Sister"" Bitch",✓,✓,✓,4
11065,Yakumo >>JOINT STRUGGLE (2019 Update),✓,✓,✓,4
11066,げきオコスティックファイナリアリティぷんぷんマスタースパーク,✓,✓,✓,4
11067,CocktaiL,✓,✓,✓,4
11069,太陽系デスコ,✓,✓,✓,4
11070,だからパンを焼いたんだ,✓,✓,✓,4
11071,東奔西走行進曲,✓,✗,✓,4
11072,Soul-ride ON!,✓,✗,✓,4
11073,アカリがやってきたぞっ,✓,✓,✓,4
11075,プナイプナイせんそう,✓,✓,✓,4
11076,未完成人,✓,✗,✓,4
11077,デビル☆アイドル,✓,✓,✓,4
11078,quiet room,✓,✓,✓,4
11080,Jump!! Jump!! Jump!!,✓,✓,✓,4
11081,サンバランド,✓,✓,✓,4
11083,サヨナラチェーンソー,✓,✓,✓,4
11084,イカサマライフゲイム,✓,✓,✓,4
11085,Halcyon,✓,✓,✓,4
11086,だれかの心臓になれたなら,✓,✓,✓,4
11087,幾望の月,✓,✓,✓,4
11088,39みゅーじっく！,✓,✓,✓,4
11089,STEEL TRANSONIC,✓,✓,✓,4
11090,Flashkick,✓,✓,✓,4
11091,Stardust Memories,✓,✓,✓,4
11092,My My My,✓,✓,✓,4
11093,UniTas,✓,✓,✓,4
11094,ここからはじまるプロローグ。,✓,✓,✓,4
11095,絡めトリック利己ライザー,✓,✓,✓,4
11096,モ°ルモ°ル,✓,✓,✓,4
11097,ブレインジャックシンドローム,✓,✓,✓,4
11098,共鳴,✓,✓,✓,4
11099,Ututu,✓,✓,✓,4
11100,シエルブルーマルシェ,✓,✓,✓,5
11101,GRÄNDIR,✓,✓,✓,4
11102,封焔の135秒,✓,✓,✓,4
11103,渦状銀河のシンフォニエッタ,✓,✓,✓,4
11104,ヤミツキ,✓,✓,✓,4
11105,ワードワードワード,✓,✓,✓,4
11106,Valsqotch,✓,✓,✓,4
11107,最強 the サマータイム!!!!!,✓,✓,✓,4
11108,UTAKATA,✓,✓,✓,4
11109,タテマエと本心の大乱闘,✓,✓,✓,4
11110,はちみつアドベンチャー,✓,✓,✓,4
11111,popcorn,✓,✓,✓,4
11113,ハム太郎とっとこうた,✓,✓,✓,5
11114,青空のラプソディ,✓,✗,✓,4
11115,だから僕は音楽を辞めた,✓,✓,✓,4
11116,ラブ・ドラマティック feat. 伊原六花,✓,✗,✓,4
11117,異世界かるてっと,✓,✗,✓,4
11118,いつかいい感じにアレしよう,✓,✗,✓,4
11119,I'm with you,✓,✗,✓,4
11120,オトモダチフィルム,✓,✗,✓,4
11121,ビターチョコデコレーション,✓,✓,✓,4
11122,アンドロイドガール,✓,✓,✓,4
11123,スターリースカイ☆パレード,✓,✓,✓,4
11124,スロウダウナー,✓,✓,✓,4
11125,クレイジー・ビート,✓,✓,✓,4
11126,バイオレンストリガー,✓,✓,✓,4
11127,グラーヴェ,✓,✓,✓,4
11128,KILLER B,✓,✓,✓,4
11129,すーぱーぬこになれんかった,✓,✓,✓,4
11130,アスヘノBRAVE,✓,✓,✓,4
11131,深海シティアンダーグラウンド,✓,✓,✓,4
11132,表裏一体,✓,✓,✓,4
11133,Catch the Wave,✓,✓,✓,4
11134,ソリッド,✓,✓,✓,4
11135,全力ハッピーライフ,✓,✓,✓,4
11136,Oath Act,✓,✓,✓,4
11137,Witches night,✓,✓,✓,4
11138,Drive Your Fire,✓,✓,✓,4
11139,wheel,✓,✓,✓,4
11140,Black Lair,✓,✓,✓,4
11141,energy trixxx,✓,✓,✓,4
11142,NULCTRL,✓,✓,✓,4
11143,アトロポスと最果の探究者,✓,✓,✓,4
11144,六厘歌,✓,✗,✓,4
11145,Entrance,✓,✗,✓,4
11146,Lunar Mare,✓,✗,✓,4
11147,Saika,✓,✗,✓,4
11148,CHAOS,✓,✗,✓,4
11149,Maboroshi,✓,✗,✓,4
11150,ウマイネームイズうまみちゃん,✓,✗,✓,4
11151,馬と鹿,✓,✗,✓,4
11152,ぼくたちいつでも　しゅわっしゅわ！,✓,✓,✓,5
11153,Boys O’Clock,✓,✓,✓,4
11154,居並ぶ穀物と溜息まじりの運送屋,✓,✓,✓,4
11155,ARAIS,✓,✓,✓,4
11156,マイオドレ！舞舞タイム,✓,✗,✓,4
11157,Aetheric Energy,✓,✓,✓,4
11158,Komplexe,✓,✓,✓,4
11159,Beautiful Future,✓,✓,✓,4
11160,Mutation,✓,✓,✓,4
11161,オリフィス,✓,✓,✓,4
11162,ユメヒバナ,✓,✓,✓,4
11163,REAL VOICE,✓,✓,✓,4
11164,パラボラ,✓,✓,✓,4
11165,Regulus,✓,✓,✓,4
11166,ワンダーシャッフェンの法則,✓,✓,✓,4
11167,BIRTH,✓,✓,✓,4
11168,シアトリカル・ケース,✓,✓,✓,4
11169,ステップアンドライム,✓,✓,✓,4
11170,届かない花束,✓,✓,✓,4
11171,YURUSHITE,✓,✓,✓,4
11172,ポケットからぬりつぶせ！,✓,✓,✓,4
11173,トリドリ⇒モリモリ！Lovely fruits☆,✓,✓,✓,4
11174,Desperado Waltz,✓,✓,✓,4
11175,宛城、炎上！！,✓,✓,✓,4
11176,Climax,✓,✓,✓,4
11177,レーイレーイ,✓,✓,✓,5
11178,ノーポイッ!,✓,✗,✓,4
11179,町かどタンジェント,✓,✗,✓,4
11180,紅蓮華,✓,✗,✓,5
11182,MIRACLE RUSH,✓,✗,✓,4
11183,お願いマッスル,✓,✗,✓,4
11184,Virtual to LIVE,✓,✓,✓,5
11185,命に嫌われている,✓,✓,✓,4
11186,アンクローズ・ヒューマン,✓,✓,✓,4
11187,乙女解剖,✓,✓,✓,4
11188,絶え間なく藍色,✓,✓,✓,4
11189,ガランド,✓,✓,✓,4
11190,とりあえずアナタがいなくなるまえに,✓,✓,✓,4
11191,明星ギャラクティカ,✓,✓,✓,4
11192,絶対にチョコミントを食べるアオイチャン,✓,✓,✓,4
11193,デリヘル呼んだら君が来た,✓,✓,✓,4
11194,ベノム,✓,✓,✓,4
11195,マネマネサイコトロピック,✓,✓,✓,4
11197,劣等上等,✓,✓,✓,4
11198,アスノヨゾラ哨戒班,✓,✓,✓,4
11199,悪戯センセーション,✓,✓,✓,4
11200,Paranoia,✓,✓,✓,4
11201,絡繰りドール,✓,✓,✓,4
11202,物凄いヴァイブスで魔理沙が物凄いラップ,✓,✓,✓,4
11204,Sweet Requiem,✓,✓,✓,4
11205,Dive into The Sky ～initialized～,✓,✓,✓,4
11206,BATTLE NO.1,✓,✓,✓,4
11207,Ether Strike,✓,✓,✓,4
11208,Cyaegha,✓,✓,✓,4
11209,Grievous Lady,✓,✓,✓,4
11210,c.s.q.n.,✓,✓,✓,4
11211,カラッポ・ノンフィクション,✓,✓,✓,4
11212,emomomo,✓,✓,✓,4
11213,Arty Party,✓,✓,✓,4
11214,Jörqer,✓,✓,✓,4
11215,"Sqlupp (Camellia's ""Sqleipd*Hiytex"" Remix)",✓,✓,✓,4
11216,felys -final remix-,✓,✓,✓,4
11217,Pretender,✓,✗,✓,4
11218,自傷無色,✓,✓,✓,4
11219,Prismatic,✓,✓,✓,4
11221,"≠彡""/了→",✓,✓,✓,4
11222,BREaK! BREaK! BREaK!,✓,✓,✓,4
11223,Heavenly Blast,✓,✓,✓,4
11224,Paradisoda,✓,✓,✓,4
11225,VANTABLACK RAVER,✓,✓,✓,4
11226,時計の国のジェミニ,✓,✓,✓,4
11227,Xenovcipher,✓,✓,✓,4
11228,星めぐり、果ての君へ。,✓,✓,✓,5
11229,スローアライズ,✓,✓,✓,4
11230,チエルカ／エソテリカ,✓,✓,✓,4
11231,生命不詳,✓,✓,✓,4
11232,Never Give Up!,✓,✓,✓,5
11233,Starry Colors,✓,✓,✓,4
11234,ほしぞらスペクタクル,✓,✓,✓,4
11235,VIIIbit Explorer,✓,✓,✓,4
11236,Last Samurai,✓,✓,✓,4
11237,蒼穹舞楽,✓,✓,✓,4
11238,AMABIE,✓,✓,✓,4
11239,オーケー？　オーライ！,✓,✓,✓,4
11240,サヨナラフリーウェイ,✓,✓,✓,4
11241,単一指向性オーバーブルーム,✓,✓,✓,5
11242,みなえをチェック！,✓,✓,✓,4
11243,ハジマリノピアノ,✓,✓,✓,4
11246,BOUNCE & DANCE,✓,✓,✓,4
11247,Kiss Me Kiss,✓,✓,✓,4
11248,MEGATON BLAST,✓,✓,✓,4
11249,Splash Dance!!,✓,✓,✓,4
11250,インフェルノ,✓,✗,✓,5
11251,冬のこもりうた,✓,✗,✓,5
11252,God knows...,✓,✗,✓,5
11253,おジャ魔女カーニバル!!,✓,✓,✓,4
11254,秒針を噛む,✓,✗,✓,5
11255,タケモトピアノCMソング,✓,✓,✓,4
11256,乙女のルートはひとつじゃない！,✓,✗,✓,4
11257,ビックカメラのテーマソング,✓,✗,✓,4
11258,電話革命ナイセン,✓,✗,✓,4
11259,Shiny Smily Story,✓,✗,✓,4
11260,ネガティブ進化論,✓,✓,✓,4
11261,雨とペトラ,✓,✓,✓,4
11262,永遠にゲームで対戦したいキリタン,✓,✓,✓,4
11263,KING,✓,✓,✓,4
11264,幽霊東京,✓,✓,✓,4
11265,Alice in 冷凍庫,✓,✓,✓,4
11266,キラメキ居残り大戦争,✓,✓,✓,4
11267,ディカディズム,✓,✓,✓,4
11268,猫猫的宇宙論,✓,✓,✓,4
11269,ラットが死んだnew words,✓,✓,✓,4
11270,阿吽のビーツ,✓,✓,✓,4
11271,再会,✓,✓,✓,4
11272,約束,✓,✓,✓,4
11273,トラフィック・ジャム,✓,✓,✓,4
11274,アルティメットセンパイ,✓,✓,✓,4
11275,ロストワードクロニカル,✓,✓,✓,4
11276,今、誰が為のかがり火へ,✓,✓,✓,4
11277,Melody！,✓,✓,✓,4
11278,下克上々,✓,✓,✓,4
11279,ハウリング,✓,✓,✓,4
11280,トランスダンスアナーキー,✓,✓,✓,4
11281,Re：End of a Dream,✓,✓,✓,4
11282,もぺもぺ,✓,✓,✓,4
11283,Sound Chimera,✓,✓,✓,4
11284,CO5M1C R4ILR0AD,✓,✓,✓,4
11285,MAKE IT FUNKY NOW,✓,✓,✓,4
11286,Rush-More,✓,✓,✓,4
11287,Strange Bar,✓,✓,✓,4
11288,Big Daddy,✓,✓,✓,4
11289,ベースラインやってる？笑,✓,✓,✓,4
11290,ALiVE,✓,✓,✓,4
11291,ヒミツCULT,✓,✓,✓,4
11292,MEGATON KICK,✓,✓,✓,4
11293,LOSE CONTROL,✓,✓,✓,4
11294,宿星審判,✓,✓,✓,4
11295,脳天直撃,✓,✓,✓,4
11296,とびだせ！TO THE COSMIC!!,✓,✓,✓,4
11297,噛み係,✓,✓,✓,4
11298,トリアージ,✓,✓,✓,4
11299,NAGAREBOSHI☆ROCKET,✓,✓,✓,4
11300,U&iVERSE -銀河鸞翔-,✓,✓,✓,4
11301,華の集落、秋のお届け,✓,✓,✓,4
11302,BLACK SWAN,✓,✓,✓,4
11303,星詠みとデスペラード,✓,✓,✓,4
11304,Round Round Spinning Around,✓,✓,✓,4
11305,Alcyone,✓,✓,✓,4
11306,Raven Emperor,✓,✓,✓,4
11307,Yorugao,✓,✓,✓,4
11308,ヨミビトシラズ,✓,✓,✓,4
11309,前衛的Landscape,✓,✓,✓,4
11310,Trick tear,✓,✓,✓,4
11311,躯樹の墓守,✓,✓,✓,4
11312,ぱくぱく☆がーる,✓,✓,✓,4
11313,No Limit RED Force,✓,✓,✓,4
11314,LiftOff,✓,✓,✓,4
11315,Falsum Atlantis.,✓,✓,✓,4
11316,We Are Us,✓,✓,✓,4
11317,Limits,✓,✓,✓,4
11318,スピカの天秤,✓,✓,✓,4
11319,ハードコア・シンドローム,✓,✓,✓,4
11321,夜に駆ける,✓,✗,✓,5
11322,うっせぇわ,✓,✗,✓,5
11323,Shooting Stars,✓,✗,✓,4
11324,MOON NIGHTのせいにして,✓,✗,✓,4
11325,テレキャスタービーボーイ,✓,✓,✓,5
11327,僕は空気が嫁ない,✓,✓,✓,4
11328,デッドマンズバラッド,✓,✓,✓,4
11329,イヤホンロマンス,✓,✗,✓,4
11330,竹,✓,✓,✓,4
11331,スーパーシンメトリー,✓,✓,✓,4
11333,Southern Cross,✓,✓,✓,5
11334,Upshift,✓,✓,✓,4
11335,MOBILYS,✓,✓,✓,4
11336,ドラゴンエネルギー,✓,✓,✓,4
11337,セカイはまだ始まってすらいない,✓,✓,✓,4
11340,Sweets Time,✓,✓,✓,4
11341,紅星ミゼラブル～廃憶編,✓,✓,✓,4
11342,幻想に咲いた花,✓,✓,✓,5
11343,マツヨイナイトバグ,✓,✓,✓,5
11344,ポッピンキャンディ☆フィーバー！,✓,✓,✓,4
11345,どぅーまいべすと！,✓,✓,✓,4
11346,春を告げる,✓,✓,✓,4
11347,泥の分際で私だけの大切を奪おうだなんて,✓,✗,✓,4
11348,VOLTAGE,✓,✗,✓,4
11349,失敗作少女,✓,✓,✓,4
11350,悪魔の踊り方,✓,✓,✓,4
11351,ノイローゼ,✓,✓,✓,4
11352,Seize The Day,✓,✗,✓,4
11353,グッバイ宣言,✓,✓,✓,4
11354,春嵐,✓,✓,✓,4
11355,ラグトレイン,✓,✓,✓,4
11356,なだめスかし Negotiation（TVsize）,✓,✗,✓,4
11358,インドア系ならトラックメイカー,✓,✓,✓,4
11359,アカツキアライヴァル,✓,✓,✓,4
11360,リモコン,✓,✓,✓,4
11361,on the rocks,✓,✓,✓,4
11362,響け！CHIREI MY WAY!,✓,✓,✓,4
11363,神々が恋した幻想郷,✓,✓,✓,4
11364,Lia=Fail,✓,✓,✓,4
11365,アンビバレンス,✓,✓,✓,4
11367,veil,✓,✗,✓,4
11369,廻廻奇譚,✓,✓,✓,5
11370,さんさーら！,✓,✗,✓,4
11371,アイドル新鋭隊,✓,✓,✓,4
11372,needLe,✓,✓,✓,4
11373,ヒステリックナイトガール,✓,✓,✓,4
11374,GIGANTØMAKHIA,✓,✓,✓,4
11375,ミルキースター・シューティングスター,✓,✓,✓,4
11376,ｉｓｏｐｈｏｔｅ,✓,✓,✓,4
11377,パラマウント☆ショータイム！！,✓,✓,✓,4
11378,Strive against fate,✓,✓,✓,4
11379,sølips,✓,✓,✓,4
11380,パーフェクション,✓,✓,✓,4
11381,デーモンベット,✓,✓,✓,4
11382,HECATONCHEIR,✓,✓,✓,4
11383,Irresistible,✓,✓,✓,4
11384,HAGAKIRI,✓,✓,✓,4
11385,N3V3R G3T OV3R,✓,✓,✓,4
11386,Swift Swing,✓,✓,✓,4
11387,星空パーティーチューン,✓,✓,✓,4
11388,チューリングの跡,✓,✓,✓,4
11389,Sage,✓,✓,✓,4
11390,OTOGEMA,✓,✓,✓,4
11391,WiPE OUT MEMORIES,✓,✓,✓,4
11392,Metamorphosism,✓,✓,✓,4
11393,白花の天使,✓,✓,✓,4
11394,World's end loneliness,✓,✓,✓,4
11395,Jouez Avec Moi?,✓,✓,✓,4
11396,テリトリーバトル,✓,✗,✓,4
11398,"Good bye, Merry-Go-Round.",✓,✓,✓,4
11399,ツクヨミステップ,✓,✓,✓,4
11400,folern,✓,✓,✓,4
11401,コスモポップファンクラブ,✓,✓,✓,4
11402,撩乱乙女†無双劇,✓,✓,✓,4
11404,See The Light,✓,✓,✓,4
11405,エータ・ベータ・イータ,✓,✓,✓,4
11406,愛のシュプリーム！,✓,✗,✓,4
11407,くらべられっ子,✓,✗,✓,5
11408,あの世行きのバスに乗ってさらば。,✓,✗,✓,4
11409,うまぴょい伝説,✓,✗,✓,5
11410,ヴァンパイア,✓,✓,✓,5
11411,エンヴィーベイビー,✓,✓,✓,4
11412,初音天地開闢神話,✓,✓,✓,4
11413,Armageddon,✓,✓,✓,4
11415,Dreadnought,✓,✓,✓,4
11418,enchanted love,✓,✓,✓,4
11419,Caterpillar Song,✓,✓,✓,4
11420,Photon Melodies,✓,✗,✓,4
11421,吾輩よ猫であれ,✓,✗,✓,4
11422,　,✓,✓,✓,4
11423,BLUE ZONE,✓,✓,✓,4
11424,Estahv,✓,✓,✓,4
11425,First Dance,✓,✓,✓,4
11426,Mjölnir,✓,✓,✓,4
11427,Define,✓,✓,✓,4
11428,BANG!,✓,✓,✓,4
11429,Love's Theme of BADASS ～バッド・アス 愛のテーマ～,✓,✓,✓,4
11430,オントロジー,✓,✗,✓,4
11431,剣を抜け！GCCX MAX,✓,✗,✓,4
11432,Princess♂,✓,✓,✓,4
11433,ヒトガタ,✓,✓,✓,4
11434,Spring of Dreams,✓,✓,✓,4
11435,"大輪の魂 (feat. AO, 司芭扶)",✓,✓,✓,4
11436,紅に染まる恋の花,✓,✓,✓,4
11437,三妖精SAY YA!!!,✓,✓,✓,4
11438,Reach For The Stars (Re-Colors),✓,✓,✓,4
11439,ジャンキーナイトタウンオーケストラ,✓,✓,✓,4
11441,終焉逃避行,✓,✓,✓,4
11443,8-EM,✓,✓,✓,4
11444,若い力,✓,✓,✓,4
11445,遺伝子レベル∞スパイラル,✓,✓,✓,4
11446,otorii INNOVATED -[i]3-,✓,✓,✓,4
11447,エゴロック,✓,✓,✓,4
11448,ただ選択があった,✓,✓,✓,4
11449,パズルリボン,✓,✓,✓,4
11450,YONA YONA DANCE,✓,✗,✓,4
11451,Transcend Lights,✓,✓,✓,4
11452,ホシシズク,✓,✓,✓,4
11453,Rainbow Rush Story,✓,✓,✓,4
11454,Tricolor⁂circuS,✓,✓,✓,4
11455,[X],✓,✓,✓,4
11456,分解収束テイル,✓,✓,✓,4
11457,mystique as iris,✓,✓,✓,4
11458,Rising on the horizon,✓,✓,✓,4
11459,You Mean the World to Me,✓,✓,✓,4
11460,Neon Kingdom,✓,✓,✓,4
11461,#狂った民族２ PRAVARGYAZOOQA,✓,✓,✓,4
11462,VSpook!,✓,✓,✓,4
11463,RIFFRAIN,✓,✓,✓,4
11464,Falling,✓,✓,✓,4
11465,ピリオドサイン,✓,✓,✓,4
11466,群青シグナル,✓,✓,✓,4
11467,Beat Opera op.1,✓,✓,✓,4
11468,星見草,✓,✓,✓,4
11469,"""411Ψ892""",✓,✓,✓,4
11470,康莊大道,✓,✓,✓,4
11471,蜘蛛の糸,✓,✓,✓,4
11472,Don't Fight The Music,✓,✓,✓,4
11473,Catch Me If You Can,✓,✓,✓,4
11474,MAGNETAR GIRL,✓,✓,✓,4
11475,SUPER AMBULANCE,✓,✓,✓,4
11477,Ghost Dance,✓,✓,✓,4
11478,電光石火,✓,✓,✓,4
11479,Hainuwele,✓,✓,✓,4
11480,アノーイング！さんさんウィーク！,✓,✗,✓,4
11481,アニマル,✓,✓,✓,4
11482,ジレンマ,✓,✓,✓,4
11483,踊,✓,✓,✓,5
11484,残響散歌,✓,✗,✓,4
11485,フォニイ,✓,✓,✓,5
11486,ヴィラン,✓,✓,✓,5
11487,EYE,✓,✓,✓,4
11488,スカーレット警察のゲットーパトロール24時,✓,✓,✓,4
11489,田中,✓,✓,✓,4
11490,Random,✓,✓,✓,4
11491,Luminaria,✓,✓,✓,4
11492,群青讃歌,✓,✓,✓,4
11493,セカイ,✓,✓,✓,4
11494,ワーワーワールド,✓,✓,✓,4
11495,銀のめぐり,✓,✓,✓,4
11496,Destiny Runner,✓,✓,✓,4
11497,アマカミサマ,✓,✗,✓,4
11498,モンダイナイトリッパー！,✓,✓,✓,4
11499,マーシャル・マキシマイザー,✓,✓,✓,4
11500,秋の未確認生物,✓,✓,✓,4
11501,Dive into the ZONe,✓,✗,✓,4
11502,エナドリおいしいソング,✓,✓,✓,4
11503,Baddest,✓,✓,✓,4
11504,ばかみたい【Taxi Driver Edition】,✓,✓,✓,4
11505,れっつ！みらくる☆はーどこあっ！,✓,✓,✓,4
11506,Blank Paper (Prod. TEMPLIME),✓,✓,✓,4
11507,In my world (Prod. KOTONOHOUSE),✓,✓,✓,4
11508,アイム・マイヒーロー,✓,✓,✓,4
11509,NightTheater,✓,✓,✓,4
11510,キュートなカノジョ,✓,✓,✓,4
11511,へべれけジャンキー,✓,✓,✓,4
11512,きゅうくらりん,✓,✓,✓,4
11513,回る空うさぎ,✓,✓,✓,4
11514,Lost Desire,✓,✓,✓,4
11516,Aegleseeker,✓,✓,✓,4
11517,最強STRONGER,✓,✓,✓,4
11518,ボッカデラベリタ,✓,✓,✓,4
11519,『んっあっあっ。』,✓,✓,✓,4
11520,独りんぼエンヴィー,✓,✓,✓,4
11521,ロータスイーター,✓,✓,✓,4
11523,ViRTUS,✓,✓,✓,4
11524,Alice's Suitcase,✓,✓,✓,4
11525,ピュグマリオンの咒文,✓,✓,✓,4
11526,トノサマビーム,✓,✓,✓,4
11527,enchanted wanderer,✓,✓,✓,4
11528,Comet Panto Men!,✓,✓,✓,4
11529,ツムギボシ,✓,✓,✓,4
11530,VeRForTe αRtE:VEiN,✓,✓,✓,4
11532,ヱデン,✓,✓,✓,4
11533,にゃーにゃー冒険譚,✓,✓,✓,4
11534,The Great Banquet,✓,✓,✓,4
11535,Redemption,✓,✓,✓,4
11536,Ether Second,✓,✓,✓,4
11537,Straight into the lights,✓,✓,✓,4
11538,アンバークロニクル,✓,✓,✓,4
11539,リフヴェイン,✓,✓,✓,4
11540,Kairos,✓,✓,✓,4
11541,宵の鳥,✓,✓,✓,4
11542,ここからはじまるプロローグ。 (Kanon Remix),✓,✓,✓,4
11543,モ°ルモ°ル (MZK Skippin' Remix),✓,✓,✓,4
11544,VERTeX (rintaro soma deconstructed remix),✓,✓,✓,4
11545,隠密あんみつDX,✓,✓,✓,4
11546,地球,✓,✓,✓,4
11547,Churros Parlor,✓,✓,✓,4
11548,超熊猫的周遊記（ワンダーパンダートラベラー）,✓,✓,✓,4
11549,Trrricksters!!,✓,✓,✓,4
11550,FLUFFY FLASH,✓,✓,✓,4
11551,STARRED HEART,✓,✓,✓,4
11552,Y.Y.Y.計画!!!!,✓,✓,✓,4
11553,Last Kingdom,✓,✓,✓,4
11554,LAMIA,✓,✓,✓,4
11555,ヒバリ,✓,✓,✓,4
11556,"Hello, Hologram",✓,✓,✓,4
11557,不機嫌なスリーカード,✓,✓,✓,4
11558,神っぽいな,✓,✓,✓,5
11559,魔法少女とチョコレゐト,✓,✓,✓,4
11560,阿修羅ちゃん,✓,✓,✓,4
11561,おとせサンダー,✓,✓,✓,5
11562,ロウワー,✓,✓,✓,5
11563,キャットラビング,✓,✓,✓,4
11564,リスペク風神,✓,✓,✓,4
11565,Let you DIVE!,✓,✓,✓,4
11566,Knight Rider,✓,✓,✓,4
11567,I’m Here (feat. Merry Kirk-Holmes),✓,✓,✓,4
11568,INTERNET OVERDOSE,✓,✓,✓,4
11569,魂のルフラン,✓,✓,✓,4
11570,Shooting Shower～DANCE TIME(シンディ)～,✓,✓,✓,4
11571,Lights of Muse,✓,✓,✓,4
11572,tape/stop/night,✓,✓,✓,4
11573,Final Step!,✓,✓,✓,4
11574,The 90's Decision,✓,✓,✓,4
11575,僕の和風本当上手,✓,✓,✓,4
11576,Cthugha,✓,✓,✓,4
11577,はんぶんこ,✓,✓,✓,4
11578,PUPA,✓,✓,✓,4
11580,解けないように,✓,✓,✓,4
11583,インターネットサバイバー,✓,✓,✓,4
11584,コンティニュー！ feat. 藍月なくる,✓,✓,✓,4
11585,Sunday Night feat Kanata.N,✓,✓,✓,4
11586,PERSONA feat. PANXI,✓,✓,✓,4
11587,Halfway(>∀<),✓,✓,✓,4
11588,Complex Mind,✓,✓,✓,4
11589,DROPS feat. Such,✓,✓,✓,4
11590,あつすぎの歌,✓,✓,✓,4
11591,ULTRA SYNERGY MATRIX,✓,✓,✓,4
11592,花となれ,✓,✓,✓,4
11593,私のドッペルゲンガー,✓,✓,✓,4
11594,BULK UP (GAME EXCLUSIVE EDIT),✓,✓,✓,4
11596,Vallista,✓,✓,✓,4
11597,ノンブレス・オブリージュ,✓,✓,✓,4
11598,テオ,✓,✓,✓,4
11599,まにまに,✓,✓,✓,4
11600,感情ディシーブ,✓,✓,✓,4
11601,ド屑,✓,✓,✓,4
11602,絶対敵対メチャキライヤー,✓,✓,✓,4
11603,つるぺったん,✓,✓,✓,4
11604,『ウソテイ』 ～一回戦せりなvsしろなvsなずな～,✓,✓,✓,4
11605,Bad Apple!! feat.nomico ～五十嵐 撫子 Ver.～,✓,✓,✓,4
11606,Snow Colored Score,✓,✓,✓,4
11607,MAGENTA POTION,✓,✓,✓,4
11608,NOIZY BOUNCE,✓,✓,✓,4
11609,サンバディ！,✓,✓,✓,4
11610,Horoscope Express,✓,✓,✓,4
11611,Party☆People☆Princess,✓,✓,✓,4
11612,Latent Kingdom,✓,✓,✓,4
11613,Mystic Parade,✓,✓,✓,4
11614,Cry Cry Cry,✓,✓,✓,4
11615,ぽわわん劇場,✓,✓,✓,4
11616,my flow,✓,✓,✓,4
11617,POWER OF UNITY,✓,✓,✓,4
11618,Energizing Flame,✓,✓,✓,4
11619,KHYMΞXΛ,✓,✓,✓,4
11620,フェイクフェイス・フェイルセイフ,✓,✓,✓,4
11621,ふらふらふら、,✓,✓,✓,4
11622,シックスプラン,✓,✓,✓,4
11623,フタタビ,✓,✓,✓,4
11624,SQUAD-Phvntom-,✓,✓,✓,4
11625,GEOMETRIC DANCE,✓,✓,✓,4
11626,Ring,✓,✓,✓,4
11627,インパアフェクシオン・ホワイトガアル,✓,✓,✓,4
11628,WE'RE BACK!!,✓,✓,✓,4
11629,熱異常,✓,✓,✓,5
11630,1000年生きてる,✓,✓,✓,4
11631,IMAWANOKIWA,✓,✓,✓,4
11632,Play merrily NEO,✓,✓,✓,4
11633,OMAKENO Stroke,✓,✓,✓,4
11634,青春コンプレックス,✓,✗,✓,5
11635,アンダーキッズ,✓,✗,✓,4
11636,さくゆいたいそう,✓,✓,✓,4
11637,バグ,✓,✓,✓,5
11638,星界ちゃんと可不ちゃんのおつかい合騒曲,✓,✓,✓,4
11639,Burn My Soul,✓,✓,✓,4
11640,with U,✓,✓,✓,4
11641,Love Kills U,✓,✓,✓,4
11642,DANGEROOOOUS JUNGLE,✓,✓,✓,4
11643,天使光輪,✓,✓,✓,4
11644,story,✓,✗,✓,4
11645,トンデモワンダーズ,✓,✓,✓,4
11646,神威,✓,✓,✓,4
11647,ozma,✓,✓,✓,4
11648,月面基地,✓,✓,✓,4
11650,ずんだもんの朝食　〜目覚ましずんラップ〜,✓,✓,✓,4
11651,あなたは世界の終わりにずんだを食べるのだ,✓,✓,✓,4
11652,HUMANBORG,✓,✓,✓,4
11653,ULTRA POWER,✓,✓,✓,4
11654,ジェヘナ,✓,✓,✓,4
11655,ツギハギスタッカート,✓,✓,✓,4
11656,HANIPAGANDA,✓,✓,✓,4
11657,Rush-Hour,✓,✓,✓,4
11658,QUEEN,✓,✓,✓,4
11659,天使の翼。,✓,✓,✓,4
11660,さよならプリンセス,✓,✓,✓,4
11661,Apollo,✓,✓,✓,4
11662,raputa,✓,✓,✓,4
11663,系ぎて,✓,✓,✓,5
11664,アルカンシエル,✓,✓,✓,4
11665,RAD DOGS,✓,✓,✓,4
11666,アイディスマイル,✓,✓,✓,4
11667,にっこり^^調査隊のテーマ,✓,✓,✓,4
11668,PinqPiq (xovevox Remix),✓,✓,✓,4
11669,エスオーエス,✓,✓,✓,4
11670,のじゃロリック,✓,✓,✓,4
11671,Edelweiss,✓,✓,✓,4
11672,QuiQ,✓,✓,✓,4
11673,IF:U,✓,✓,✓,4
11674,Cider P@rty,✓,✓,✓,4
11675,勦滅,✓,✓,✓,4
11676,Lunatic Vibes,✓,✓,✓,4
11677,Bloody Trail,✓,✓,✓,4
11678,RE:INCARNATED DRAGNER,✓,✓,✓,4
11679,Beginning together!,✓,✓,✓,4
11680,Shining Ray ～僕らの絆～,✓,✓,✓,4
11681,DEVOTION,✓,✓,✓,4
11682,Geranium,✓,✓,✓,4
11683,The Cursed Doll,✓,✓,✓,4
11684,RondeauX of RagnaroQ,✓,✓,✓,4
11685,ℝ∈Χ LUNATiCA,✓,✓,✓,4
11686,Λzure Vixen,✓,✓,✓,4
11687,MarbleBlue.,✓,✓,✓,4
11688,まっすぐ→→→ストリーム！,✓,✓,✓,4
11689,最っ高のエンタメだ!!,✓,✓,✓,4
11690,Baqeela,✓,✓,✓,4
11691,Ai C,✓,✓,✓,4
11692,INTERNET YAMERO,✓,✓,✓,5
11693,過去を喰らう,✓,✓,✓,4
11694,強風オールバック,✓,✓,✓,4
11695,寝起きヤシの木,✓,✓,✓,4
11696,アイドル,✓,✓,✓,5
11697,ラビットホール,✓,✓,✓,5
11698,酔いどれ知らず,✓,✓,✓,5
11699,新人類,✓,✓,✓,4
11700,Freak Out Hr.,✓,✓,✓,4
11701,さよならヒストリー,✓,✓,✓,4
11702,New York Back Raise,✓,✓,✓,4
11704,DUAL ROZES,✓,✓,✓,4
11705,VOLT,✓,✓,✓,4
11706,tiny tales continue,✓,✓,✓,4
11707,ouroboros -twin stroke of the end-,✓,✓,✓,4
11708,カーニバルハッピー,✓,✗,✓,4
11709,つづみぐさ,✓,✗,✓,4
11710,サイバーサンダーサイダー,✓,✓,✓,4
11711,おくすり飲んで寝よう,✓,✓,✓,4
11712,バラバラ〜仮初レインボーローズ〜,✓,✓,✓,4
11713,QUATTUORUX,✓,✓,✓,4
11714,匿名M,✓,✓,✓,4
11715,ライアーダンサー,✓,✓,✓,4
11716,バカ通信,✓,✓,✓,4
11717,LOSTPHANTASIA,✓,✓,✓,4
11718,Bad Apple!! feat.nomico (Tetsuya Komuro Remix),✓,✓,✓,4
11720,Re:Unknown X,✓,✓,✓,4
11721,INFiNiTE ENERZY -Overdoze-,✓,✓,✓,4
11722,Make Up Your World feat. キョンシーのCiちゃん & らっぷびと,✓,✓,✓,4
11723,BOOM! BOOM!! BOOM!!!,✓,✓,✓,4
11724,Everybody Say HARDCORE TANO*C,✓,✓,✓,4
11725,ミラクルポップ☆アドベンチャー!!!!!,✓,✓,✓,4
11726,Trust,✓,✓,✓,4
11727,ラヴィ,✓,✓,✓,4
11728,スティールユー,✓,✓,✓,4
11729,オシオキGIMMICK!!,✓,✓,✓,4
11730,偉大なる悪魔は実は大天使パトラちゃん様なのだ！,✓,✓,✓,4
11731,シュガーホリック,✓,✓,✓,4
11733,MUSIC PЯAYER,✓,✓,✓,4
11734,壱雫空,✓,✓,✓,4
11735,ザムザ,✓,✓,✓,4
11736,プリズム△▽リズム,✓,✓,✓,4
11737,パラドクスイヴ,✓,✓,✓,4
11738,YKWTD,✓,✓,✓,4
11739,184億回のマルチトニック,✓,✓,✓,4
11740,果ての空、僕らが見た光。,✓,✓,✓,4
11741,Cryptarithm,✓,✓,✓,4
11742,Ourania,✓,✓,✓,4
11743,天蓋,✓,✓,✓,4
11744,Deicide,✓,✓,✓,4
11745,氷滅の135小節,✓,✓,✓,4
11746,Divide et impera!,✓,✓,✓,4
11747,地獄,✓,✓,✓,4
11748,シスターシスター,✓,✓,✓,4
11749,有明/Ariake,✓,✓,✓,4
11750,Flashback,✓,✗,✓,4
11751,Colorfull:Encounter,✓,✗,✓,4
11752,雨露霜雪,✓,✗,✓,4
11753,宙天,✓,✗,✓,4
11754,Elemental Ethnic,✓,✓,✓,4
11755,美夜月鏡,✓,✓,✓,4
11756,Resolution,✓,✗,✓,4
11757,いちげき！のテーマ,✓,✗,✓,4
11758,Radiance,✓,✗,✓,4
11759,R'N'R Monsta,✓,✗,✓,4
11760,勇者,✓,✓,✓,5
11761,病み垢ステロイド,✓,✓,✓,4
11763,ダーリンダンス,✓,✓,✓,5
11764,唱,✓,✓,✓,5
11765,愛包ダンスホール,✓,✓,✓,4
11766,マツケンサンバⅡ,✓,✓,✓,4
11767,デビルじゃないもん,✓,✓,✓,4
11769,ずんだパーリナイ,✓,✓,✓,4
11770,Ultimate taste,✓,✓,✓,4
11771,Chronomia,✓,✓,✓,4
11772,人マニア,✓,✓,✓,4
11773,転生林檎,✓,✓,✓,4
11774,"メイトなやつら（FEAT. 天開司, 佐藤ホームズ, あっくん大魔王 & 歌衣メイカ）",✓,✓,✓,4
11775,モンスターカミング,✓,✗,✓,4
11776,ゆけむり魂温泉 II,✓,✓,✓,4
11777,人間が大好きなこわれた妖怪の唄,✓,✓,✓,4
11778,シリウスの輝きのように,✓,✓,✓,5
11779,プラネタリウム・レヴュー,✓,✓,✓,5
11780,演劇,✓,✓,✓,4
11781,無間嫉妬劇場『666』,✓,✓,✓,4
11782,夢現妄想世界,✓,✓,✓,4
11783,snooze,✓,✓,✓,4
11784,イガク,✓,✓,✓,4
11785,てらてら,✓,✓,✓,4
11786,Empire of Winter,✓,✓,✓,4
11787,迷える音色は恋の唄,✓,✓,✓,4
11788,Löschen,✓,✓,✓,4
11789,Abstruse Dilemma,✓,✓,✓,4
11790,HYP3RTRIBE,✓,✓,✓,4
11791,On your mark (104期 Ver.),✓,✓,✓,4
11792,はげしこの夜 -Psylent Crazy Night-,✓,✓,✓,4
11793,エイプリルスター,✓,✓,✓,4
11794,オーバーライド,✓,✓,✓,4
11795,右に曲ガール,✓,✓,✓,4
11796,ウルトラトレーラー,✓,✓,✓,4
11797,バベル,✓,✓,✓,4
11798,お願い！コンコンお稲荷さま,✓,✗,✓,4
11799,いっぱい食べる君が好きだよ,✓,✗,✓,4
11800,ピポピポ -People People- feat. ななひら,✓,✗,✓,4
11802,ワールドワイドワンダー,✓,✗,✓,4
11803,MORNINGLOOM,✓,✗,✓,4
11804,How To Make 音ゲ～曲！,✓,✗,✓,4
11805,リアライズ,✓,✓,✓,4
11806,Fraq,✓,✗,✓,4
11807,ウタヒメナイトストーム,✓,✗,✓,4
11808,Feel The Luv,✓,✗,✓,4
11809,Åntinomiε,✓,✗,✓,4
11810,ATLAS RUSH,✓,✗,✓,4
11811,概して過誤,✓,✗,✓,4
11812,Unfinished Epic,✓,✗,✓,4
11813,忙シー日,✓,✗,✓,4
11814,FLΛME/FRΦST,✓,✗,✓,4
11815,IMBRUED:FLUX,✓,✗,✓,4
11816,砂の函,✓,✗,✓,4
11817,Amereistr,✓,✗,✓,4
11818,World's end BLACKBOX,✓,✗,✓,4
11820,Xaleid◆scopiX,✓,✗,✓,5
11821,Ref:rain (for 7th Heaven),✓,✗,✓,4
11822,Supersonic Generation,✓,✗,✓,4
11823,Zitronectar,✓,✗,✓,4
11824,なんかノイズにきこえる,✓,✗,✓,4
11825,JIGOKU STATION CENTRAL GATE,✓,✗,✓,4
11826,Lover's Trick,✓,✗,✓,4
11827,サウンドプレイヤー,✓,✗,✓,4
11828,crazy (about you),✓,✗,✓,4
11829,Drivessover,✓,✗,✓,4
11830,Tidal Wave,✓,✗,✓,4
11831,きゅびずむ,✓,✗,✓,4
11832,きゅびびびびずむ,✓,✗,✓,4
11833,ゆりかご,✓,✗,✓,4
11834,月光,✓,✗,✓,4
11835,はいよろこんで,✓,✗,✓,5
11836,ビビデバ,✓,✗,✓,5
11837,シカ色デイズ,✓,✗,✓,4
11838,メズマライザー,✓,✗,✓,5
11839,ももいろの鍵,✓,✗,✓,4
11840,のだ,✓,✗,✓,4
11841,Idoratrize World,✓,✗,✓,4
11842,Synthesis.,✓,✗,✓,4
11843,もういいよ,✓,✗,✓,4
11844,モエチャッカファイア,✓,✗,✓,4
11845,マヌルネコのうた,✓,✗,✓,4
11846,スナネコのうた,✓,✗,✓,4
11847,M@GICAL☆CURE! LOVE ♥ SHOT!,✓,✗,✓,4
11848,Overjoy ★ OVERDOSE!!,✓,✗,✓,4
11849,DATAERR0R,✓,✗,✓,4
11850,あいたい星人,✓,✗,✓,4
11851,ハオ,✓,✗,✓,4
11852,好きな惣菜発表ドラゴン,✓,✗,✓,4
11853,"Help me, ERINNNNNN!!",✓,✓,✓,4
11854,超最終鬼畜妹フランドール・S,✓,✗,✓,4
11855,Destined Marionette,✓,✗,✓,4
11856,MIRA,✓,✗,✓,4
11857,空回りライブラリ,✓,✗,✓,4
11858,お呪い,✓,✗,✓,4
11859,ありきたりな恋の歌,✗,✗,✓,0
11860,MYTH Re：LEASE,✓,✗,✓,4
11861,∀,✓,✗,✓,4
11862,㋰責任集合体,✓,✗,✓,4
11863,三日月ステップ 2023,✓,✗,✓,4
11864,少女レイ,✓,✗,✓,4
11865,少女A,✓,✗,✓,4
11866,帝国少女,✓,✗,✓,4
11867,うぇいびー,✓,✗,✓,5
11868,RED,✓,✗,✓,4
11869,ホラフキパペット,✓,✗,✓,4
11870,BlackFlagBreaker!!,✓,✗,✓,4
11871,クーネル・エンゲイザー,✓,✗,✓,4
11872,ゼロトーキング,✓,✗,✓,4
11873,抜錨,✓,✗,✓,4
11874,NO ONE YES MAN,✓,✗,✓,4
11875,Leave All Behind,✓,✗,✓,4
11876,Retribution ～ Cycle of Redemption ～,✓,✗,✓,4
11877,Luminescence,✓,✗,✓,4
11878,Pixel Galaxy,✓,✗,✓,4
11879,Xaleid◆scopiX (2),✗,✗,✓,0
11880,CiRCLE CAMPAiGN,✓,✗,✓,4
11881,Magical Paradox,✓,✗,✓,4
11882,殿ッ！？ご乱心！？,✓,✗,✓,4
11883,廃墟にいますキャンペーン,✓,✗,✓,4
11884,Customized Justice,✓,✗,✓,4
11885,"False Amber (from the Black Bazaar, Or by A Kervan Trader from the Lands Afar, Or Buried Beneath the Shifting Sands That Lead Everywhere but Nowhere)",✓,✗,✓,4
11886,真空都市,✓,✗,✓,4
11887,Eternal Return,✓,✗,✓,4
11888,ぱぱぱらビーチ,✓,✗,✓,4
11889,Get U ♭ack,✓,✗,✓,4
11890,ミクマリ,✓,✗,✓,4
11891,雲外蒼電 -Dreaming Voltage-,✓,✗,✓,4
11892,鬼女紅妖,✓,✗,✓,4
11893,華天月兎,✓,✗,✓,4
11894,スローグロー,✓,✗,✓,4
11895,"ECHO,",✓,✓,✓,4
11896,Phase: Theatre,✓,✗,✓,4
11897,Sky Trails,✓,✗,✓,4
11898,7 Wonders,✓,✗,✓,4
11899,イーヴィルガール,✓,✗,✓,4
11900,Dazzle hop,✓,✗,✓,4
11901,ラストピースに祝福と栄光を,✓,✗,✓,4
11902,WakeUP MakeUP FEVER!,✓,✗,✓,4
11903,give it up to you,✓,✗,✓,4
11904,ICEBURN,✓,✗,✓,4
11905,Daredevil Glaive,✓,✗,✓,4
11906,Unwelcome School,✓,✗,✓,5
11907,彩りキャンバス,✓,✗,✓,4
11908,死ぬな！,✗,✗,✓,0
11909,どんぐりGAME,✓,✗,✓,4
11910,君だったから,✓,✗,✓,4
11911,Overdose,✓,✗,✓,4
11912,Bring it on,✓,✗,✓,4
11913,モニタリング,✓,✗,✓,5
11914,テトリス,✗,✗,✓,0
11915,み　む　かｩ　わ　ナ　イ　ス　ト　ラ　イ,✓,✗,✓,4
11916,有頂天ドリーマーズ,✓,✗,✓,4
11917,Eureka,✓,✗,✓,4
11918,ニルヴの心臓,✓,✗,✓,4
11919,エンジェル ドリーム,✗,✓,✓,4
11920,Hurtling Boys,✓,✓,✓,4
11921,しゅ～しん？変身☆ハカイシンzzZ,✓,✗,✓,4
11922,命テステス,✓,✗,✓,4
11923,拝啓、最高の思い出たち,✓,✗,✓,4
11924,おべんきょうたいむ,✓,✗,✓,4
11925,るろうらんる,✓,✗,✓,4
11926,はじまりの未来,✓,✗,✓,4
11927,Worlders,✓,✗,✓,4
11928,化けの花,✓,✗,✓,4
11929,ヒアソビ,✓,✗,✓,4
11930,電光刹歌,✓,✗,✓,4
11931,ウィーアーピコピコハンマーズ!!!!,✓,✗,✓,4
11932,ジェットブラック,✓,✗,✓,4
11933,トレジャーガーデン,✓,✗,✓,4
11934,最愛人生ランナー,✓,✗,✓,4
11935,初音ミクの暴走,✓,✗,✓,4
11936,Let's ミクササイズ！！,✓,✗,✓,4
11937,スノーマン (Rerec),✓,✗,✓,4
11938,JINGLE DEATH,✓,✗,✓,4
11939,うい麦畑でつかまえて,✓,✗,✓,4
11940,勝手に生きましょ,✓,✗,✓,4
11941,アイアイ傘,✓,✗,✓,4
11942,ヤミナベ!!!!,✓,✗,✓,4
11943,INTJINTPENTJENTPINFJENFJINFPENFPISTJISFJESTJESFJESTPISTPISFPESFP,✓,✗,✓,4
11944,Restricted Access,✓,✓,✓,4
11945,胡蝶乃舞,✓,✓,✓,4
11946,零號車輛,✓,✓,✓,4
11947,恋の氷結おてんば湯けむりチルノ温泉,✓,✗,✓,4
11948,イタ電はやめて！ ぼくらのスカーレット・コール,✓,✗,✓,4
11949,むしみこうにゃーのハッピッピー,✓,✗,✓,4
11950,ラプラスショコラ,✓,✗,✓,4
11951,サイエンス,✓,✗,✓,4
11952,KNØCK ØUT!!,✓,✗,✓,4
11953,Aides,✓,✗,✓,4
11954,Treasure Chest Expedition,✓,✗,✓,4
11969,TECHNOPOLIS 2085,✓,✗,✓,4
11970,Galaxy Blaster,✓,✗,✓,4
11975,BOW AND ARROW （アニメ・オープニングver.）,✓,✗,✓,5
11976,無敵的ハピネス！(SOS団5人Ver.),✓,✗,✓,4
11977,Chasing destiny,✓,✗,✓,4
11978,Colorful Starting Line,✓,✗,✓,4
11979,愛♡スクリ～ム！,✓,✗,✓,5
11980,テレパシ,✗,✗,✓,0
11981,ダイダイダイダイダイキライ,✓,✗,✓,5
11982,オペラ！スペースオペラ！,✓,✗,✓,4
11983,T氏の話を信じるな,✓,✗,✓,4
11984,超ナイト・オブ・ナイツ,✓,✗,✓,4
11985,浮世絵横丁,✓,✗,✓,4
11986,AiAe,✓,✗,✓,4
100018,[協]Love You,✓,✓,✓,1
100022,[蔵]In Chaos,✓,✓,✓,1
100070,[即]ジングルベル,✓,✗,✓,9
100121,[撫]スイートマジック,✗,✓,✓,4
100199,[蛸]チルノのパーフェクトさんすう教室,✓,✓,✓,1
100206,[星]しゅわスパ大作戦☆,✓,✓,✓,1
100207,[蛸]時空を超えて久しぶり！,✗,✓,✓,4
100220,[宴]セガサターン起動音[H.][Remix],✓,✓,✓,1
100224,[傾]ウサテイ,✓,✓,✓,4
100227,[は]Garakuta Doll Play,✓,✓,✓,1
100230,[宴]CYCLES,✓,✓,✓,1
100259,[協]ぽっぴっぽー,✓,✓,✓,1
100282,[撫]からくりピエロ,✗,✓,✓,5
100305,[星]POP STAR,✓,✓,✓,4
100308,[傾]Back 2 Back,✓,✓,✓,4
100326,[宴]コトバ・カラフル,✓,✓,✓,4
100327,[狂]タカハせ！名人マン,✓,✓,✓,1
100339,[宴]DRAGONLADY,✓,✓,✓,4
100363,[宴]Oshama Scramble!,✓,✓,✓,1
100413,[覚]キャプテン・ムラサのケツアンカー,✓,✓,✓,4
100422,[覚]LANCE,✓,✗,✓,8
100456,[蔵]Glorious Crown,✓,✓,✓,1
100508,[協]恋愛裁判,✓,✓,✓,1
100516,[狂]ココロ,✓,✗,✓,4
100517,[覚]東京リアルワールド,✓,✓,✓,1
100524,[協]Hand in Hand,✓,✓,✓,1
100548,[疑]DETARAME ROCK&ROLL THEORY,✓,✓,✓,1
100606,[右]The wheel to the right,✗,✗,✓,0
100631,[逆]KING is BACK!!,✗,✗,✓,0
100700,[協]疾走あんさんぶる,✓,✓,✓,1
100712,[蛸]ミラクル・ショッピング,✓,✓,✓,4
100772,[狂]FREEDOM DiVE (tpz Overcute Remix,✓,✓,✓,4
100775,[宴]ジンギスカン,✓,✓,✓,4
100851,[幸]犬日和。(はっぴー歌唱Ver),✓,✗,✓,1
100998,[宴]Oshama Scramble! (Cranky Remix),✓,✓,✓,1
101516,[藏]Aegleseeker,✗,✗,✓,0
110082,[藏]Reach For The Stars,✓,✓,✓,4
110114,[耐]Space Harrier Main Theme [Reborn],✓,✓,✓,1
110121,[甘]スイートマジック,✓,✓,✓,1
110227,[J]Garakuta Doll Play,✓,✓,✓,1
110281,[回]ダブルラリアット,✓,✓,✓,1
110282,[習]からくりピエロ,✗,✓,✓,5
110351,[鏡]MIRROR of MAGIC,✗,✓,✓,4
110417,[習]ウミユリ海底譚,✓,✓,✓,1
110532,[奏]洗脳,✓,✓,✓,1
110553,[奏]チュルリラ・チュルリラ・ダッダッダ！,✓,✓,✓,1
110579,[協]ポップミュージックは僕のもの,✓,✓,✓,1
110606,[右]The wheel to the right,✓,✓,✓,1
110631,[逆]KING is BACK!!,✓,✓,✓,1
110647,[協]エイリアンエイリアン,✓,✓,✓,1
110684,[一]もうみんなしねばいいのに,✗,✓,✓,4
110766,[邪]アマノジャクリバース feat. ｙｔｒ,✗,✓,✓,4
110781,[協]Seyana. ～何でも言うことを聞いてくれるアカネチャン～,✗,✓,✓,4
110793,[疑]ロキ,✓,✓,✓,1
110816,[奏]クレイジークレイジーダンサーズ,✗,✓,✓,5
110997,[破]テレパシ,✗,✗,✓,0
111069,[協]太陽系デスコ,✓,✓,✓,1
111113,[回]ハム太郎とっとこうた,✓,✓,✓,1
111156,[奏]マイオドレ！舞舞タイム,✓,✗,✓,1
111188,[藍]絶え間なく藍色,✗,✓,✓,4
111222,[光]BREaK! BREaK! BREaK!,✗,✓,✓,1
111234,[星]ほしぞらスペクタクル,✓,✓,✓,1
111325,[奏]テレキャスタービーボーイ,✓,✓,✓,1
111355,[協]ラグトレイン,✓,✓,✓,1
111359,[奏]アカツキアライヴァル,✓,✓,✓,1
111363,[片]神々が恋した幻想郷,✓,✓,✓,1
111365,[奏]アンビバレンス,✓,✓,✓,1
111388,[即]チューリングの跡,✓,✓,✓,1
111429,[爆]Love's Theme of BADASS ～バッド・アス 愛のテーマ～,✓,✓,✓,1
111433,[奏]ヒトガタ,✓,✓,✓,1
111437,[協]三妖精SAY YA!!!,✓,✓,✓,1
111479,[覚]Hainuwele,✓,✓,✓,1
111488,[覚]スカーレット警察のゲットーパトロール24時,✓,✓,✓,1
111513,[回]回る空うさぎ,✓,✓,✓,1
111516,[蔵]Aegleseeker,✓,✓,✓,1
111545,[餡]隠密あんみつDX,✗,✓,✓,4
111557,[蛸]不機嫌なスリーカード,✓,✓,✓,1
111577,[両]はんぶんこ,✓,✓,✓,1
111597,[息]ノンブレス・オブリージュ,✓,✓,✓,1
111628,[逆]WE'RE BACK!!,✓,✓,✓,1
111634,[協]青春コンプレックス,✗,✗,✓,0
111636,[奏]さくゆいたいそう,✓,✓,✓,1
111638,[耐]星界ちゃんと可不ちゃんのおつかい合騒曲,✗,✓,✓,4
111670,[奏]のじゃロリック,✗,✓,✓,4
111697,[音]ラビットホール,✗,✓,✓,5
111714,[匿]匿名M,✓,✓,✓,1
111715,[嘘]ライアーダンサー,✓,✓,✓,1
111770,[協]Ultimate taste,✓,✓,✓,1
111772,[X]人マニア,✓,✓,✓,1
111783,[音]snooze,✗,✓,✓,4
111791,[音]On your mark (104期 Ver.),✗,✓,✓,4
111838,[助]メズマライザー,✓,✗,✓,1
111852,[好]好きな惣菜発表ドラゴン,✓,✗,✓,1
111859,[騒]ありきたりな恋の歌,✗,✗,✓,0
111908,[耐]死ぬな！,✗,✗,✓,0
111914,[音]テトリス,✗,✗,✓,0
111919,[充]エンジェル ドリーム,✗,✓,✓,4
120227,[r]Garakuta Doll Play,✓,✓,✓,1
121634,[協]青春コンプレックス,✓,✗,✓,1
121852,[譜]好きな惣菜発表ドラゴン,✓,✗,✓,1
130227,[玉]Garakuta Doll Play,✓,✓,✓,1
131852,[面]好きな惣菜発表ドラゴン,✓,✗,✓,1
140227,[某]Garakuta Doll Play,✓,✓,✓,1
141852,[発]好きな惣菜発表ドラゴン,✓,✗,✓,1
151852,[表]好きな惣菜発表ドラゴン,✓,✗,✓,1
161852,[龍]好きな惣菜発表ドラゴン,✓,✗,✓,1
